-- MariaDB dump 10.19  Distrib 10.4.32-MariaDB, for Win64 (AMD64)
--
-- Host: 193.203.175.84    Database: u631215701_breadcontrol
-- ------------------------------------------------------
-- Server version	11.8.6-MariaDB-log

/*!40101 SET @OLD_CHARACTER_SET_CLIENT=@@CHARACTER_SET_CLIENT */;
/*!40101 SET @OLD_CHARACTER_SET_RESULTS=@@CHARACTER_SET_RESULTS */;
/*!40101 SET @OLD_COLLATION_CONNECTION=@@COLLATION_CONNECTION */;
/*!40101 SET NAMES utf8 */;
/*!40103 SET @OLD_TIME_ZONE=@@TIME_ZONE */;
/*!40103 SET TIME_ZONE='+00:00' */;
/*!40014 SET @OLD_UNIQUE_CHECKS=@@UNIQUE_CHECKS, UNIQUE_CHECKS=0 */;
/*!40014 SET @OLD_FOREIGN_KEY_CHECKS=@@FOREIGN_KEY_CHECKS, FOREIGN_KEY_CHECKS=0 */;
/*!40101 SET @OLD_SQL_MODE=@@SQL_MODE, SQL_MODE='NO_AUTO_VALUE_ON_ZERO' */;
/*!40111 SET @OLD_SQL_NOTES=@@SQL_NOTES, SQL_NOTES=0 */;

--
-- Table structure for table `ajuste_inventario`
--

DROP TABLE IF EXISTS `ajuste_inventario`;
/*!40101 SET @saved_cs_client     = @@character_set_client */;
/*!40101 SET character_set_client = utf8 */;
CREATE TABLE `ajuste_inventario` (
  `id_ajuste` int(11) NOT NULL AUTO_INCREMENT,
  `id_insumo` int(11) NOT NULL,
  `id_usuario` int(11) NOT NULL,
  `cantidad_antes` decimal(12,3) NOT NULL,
  `cantidad_despues` decimal(12,3) NOT NULL,
  `diferencia` decimal(12,3) NOT NULL COMMENT 'Calculado: despues - antes',
  `motivo` varchar(255) NOT NULL,
  `fecha_ajuste` datetime NOT NULL DEFAULT current_timestamp(),
  PRIMARY KEY (`id_ajuste`),
  KEY `fk_ajuste_insumo` (`id_insumo`),
  KEY `fk_ajuste_usuario` (`id_usuario`),
  CONSTRAINT `fk_ajuste_insumo` FOREIGN KEY (`id_insumo`) REFERENCES `insumo` (`id_insumo`),
  CONSTRAINT `fk_ajuste_usuario` FOREIGN KEY (`id_usuario`) REFERENCES `usuario` (`id_usuario`)
) ENGINE=InnoDB DEFAULT CHARSET=utf8mb4 COLLATE=utf8mb4_unicode_ci COMMENT='Registro de correcciones manuales de stock';
/*!40101 SET character_set_client = @saved_cs_client */;

--
-- Dumping data for table `ajuste_inventario`
--

LOCK TABLES `ajuste_inventario` WRITE;
/*!40000 ALTER TABLE `ajuste_inventario` DISABLE KEYS */;
/*!40000 ALTER TABLE `ajuste_inventario` ENABLE KEYS */;
UNLOCK TABLES;

--
-- Table structure for table `alerta`
--

DROP TABLE IF EXISTS `alerta`;
/*!40101 SET @saved_cs_client     = @@character_set_client */;
/*!40101 SET character_set_client = utf8 */;
CREATE TABLE `alerta` (
  `id_alerta` int(11) NOT NULL AUTO_INCREMENT,
  `id_usuario` int(11) NOT NULL,
  `tipo` enum('stock_bajo','margen_riesgo','precio_subio','caja_baja') NOT NULL,
  `modulo_origen` varchar(50) NOT NULL COMMENT 'Ej: inventario, finanzas, compras',
  `mensaje` text NOT NULL,
  `estado` enum('activa','atendida','archivada') NOT NULL DEFAULT 'activa',
  `fecha_generacion` datetime NOT NULL DEFAULT current_timestamp(),
  `fecha_atencion` datetime DEFAULT NULL,
  `accion_tomada` text DEFAULT NULL,
  PRIMARY KEY (`id_alerta`),
  KEY `idx_alerta_estado` (`estado`,`fecha_generacion`),
  KEY `idx_alerta_usuario` (`id_usuario`,`estado`),
  CONSTRAINT `fk_alerta_usuario` FOREIGN KEY (`id_usuario`) REFERENCES `usuario` (`id_usuario`)
) ENGINE=InnoDB DEFAULT CHARSET=utf8mb4 COLLATE=utf8mb4_unicode_ci COMMENT='Centro de alertas del sistema — todas las notificaciones';
/*!40101 SET character_set_client = @saved_cs_client */;

--
-- Dumping data for table `alerta`
--

LOCK TABLES `alerta` WRITE;
/*!40000 ALTER TABLE `alerta` DISABLE KEYS */;
/*!40000 ALTER TABLE `alerta` ENABLE KEYS */;
UNLOCK TABLES;

--
-- Table structure for table `categoria_precio`
--

DROP TABLE IF EXISTS `categoria_precio`;
/*!40101 SET @saved_cs_client     = @@character_set_client */;
/*!40101 SET character_set_client = utf8 */;
CREATE TABLE `categoria_precio` (
  `id_categoria` int(11) NOT NULL AUTO_INCREMENT,
  `nombre` varchar(50) NOT NULL,
  `precio_unitario` decimal(12,2) NOT NULL,
  `activo` tinyint(1) NOT NULL DEFAULT 1,
  PRIMARY KEY (`id_categoria`)
) ENGINE=InnoDB AUTO_INCREMENT=18 DEFAULT CHARSET=utf8mb4 COLLATE=utf8mb4_unicode_ci COMMENT='Categorías de precio para ventas (Pan $500, Pan $2000, etc.)';
/*!40101 SET character_set_client = @saved_cs_client */;

--
-- Dumping data for table `categoria_precio`
--

LOCK TABLES `categoria_precio` WRITE;
/*!40000 ALTER TABLE `categoria_precio` DISABLE KEYS */;
INSERT INTO `categoria_precio` VALUES (13,'Pan de $500',500.00,1),(14,'Pan de $1,000',1000.00,1),(15,'Pan de $2,000',2000.00,1),(16,'Pan de $3,000',3000.00,1),(17,'Pan de $5,000',5000.00,1);
/*!40000 ALTER TABLE `categoria_precio` ENABLE KEYS */;
UNLOCK TABLES;

--
-- Table structure for table `cierre_dia`
--

DROP TABLE IF EXISTS `cierre_dia`;
/*!40101 SET @saved_cs_client     = @@character_set_client */;
/*!40101 SET character_set_client = utf8 */;
CREATE TABLE `cierre_dia` (
  `id_cierre` int(11) NOT NULL AUTO_INCREMENT,
  `id_usuario` int(11) NOT NULL,
  `fecha` date NOT NULL,
  `total_ingresos` decimal(12,2) NOT NULL DEFAULT 0.00,
  `total_gastos` decimal(12,2) NOT NULL DEFAULT 0.00,
  `costo_produccion` decimal(12,2) NOT NULL DEFAULT 0.00,
  `utilidad_bruta` decimal(12,2) NOT NULL DEFAULT 0.00 COMMENT 'total_ingresos - costo_produccion',
  `utilidad_neta` decimal(12,2) NOT NULL DEFAULT 0.00 COMMENT 'utilidad_bruta - total_gastos',
  `sugerencia_produccion` text DEFAULT NULL,
  PRIMARY KEY (`id_cierre`),
  UNIQUE KEY `fecha` (`fecha`),
  KEY `fk_cierre_usuario` (`id_usuario`),
  KEY `idx_cierre_fecha` (`fecha`),
  CONSTRAINT `fk_cierre_usuario` FOREIGN KEY (`id_usuario`) REFERENCES `usuario` (`id_usuario`)
) ENGINE=InnoDB AUTO_INCREMENT=19 DEFAULT CHARSET=utf8mb4 COLLATE=utf8mb4_unicode_ci COMMENT='Resumen financiero de cada día de operación';
/*!40101 SET character_set_client = @saved_cs_client */;

--
-- Dumping data for table `cierre_dia`
--

LOCK TABLES `cierre_dia` WRITE;
/*!40000 ALTER TABLE `cierre_dia` DISABLE KEYS */;
INSERT INTO `cierre_dia` VALUES (1,1,'2026-03-24',43500.00,100000.00,31144.32,12355.68,-87644.32,NULL),(10,1,'2026-04-10',225000.00,35000.00,169899.31,55100.69,20100.69,NULL),(18,1,'2026-04-23',2198000.00,0.00,201154.31,1996845.69,1996845.69,NULL);
/*!40000 ALTER TABLE `cierre_dia` ENABLE KEYS */;
UNLOCK TABLES;

--
-- Table structure for table `cliente`
--

DROP TABLE IF EXISTS `cliente`;
/*!40101 SET @saved_cs_client     = @@character_set_client */;
/*!40101 SET character_set_client = utf8 */;
CREATE TABLE `cliente` (
  `id_cliente` int(11) NOT NULL AUTO_INCREMENT,
  `nombre` varchar(100) NOT NULL,
  `tipo` enum('tienda','mostrador') NOT NULL DEFAULT 'tienda',
  `telefono` varchar(20) DEFAULT NULL,
  `activo` tinyint(1) NOT NULL DEFAULT 1,
  `fecha_creacion` datetime NOT NULL DEFAULT current_timestamp(),
  PRIMARY KEY (`id_cliente`)
) ENGINE=InnoDB AUTO_INCREMENT=47 DEFAULT CHARSET=utf8mb4 COLLATE=utf8mb4_unicode_ci COMMENT='Clientes fijos (tiendas) y mostrador';
/*!40101 SET character_set_client = @saved_cs_client */;

--
-- Dumping data for table `cliente`
--

LOCK TABLES `cliente` WRITE;
/*!40000 ALTER TABLE `cliente` DISABLE KEYS */;
INSERT INTO `cliente` VALUES (1,'Tienda Sebastopol','tienda','3209891830',0,'2026-03-23 19:41:21'),(2,'Tienda Rosa','tienda','3135213216',0,'2026-04-10 16:25:39'),(3,'Tienda Pedro','tienda','3135213216',0,'2026-04-10 16:25:49'),(4,'Tienda Don Juan','tienda','3135213216',0,'2026-04-10 16:26:01'),(5,'Tienda ADSO 3142784','tienda','',0,'2026-04-24 21:53:22'),(6,'Juan Sebastian','tienda','3115265529',0,'2026-05-06 13:07:27'),(7,'Tienda Sami','tienda','3112562636',0,'2026-05-06 13:08:16'),(8,'Tienda Dj El Mejor pan','tienda','3150889654',0,'2026-05-06 13:08:27'),(9,'Luisito','tienda','',1,'2026-05-06 13:08:39'),(10,'Cristian Cantillo Bot','tienda','',0,'2026-05-06 13:08:58'),(11,'Tienda Jorge','tienda','3208392015',0,'2026-05-06 13:10:03'),(12,'Santiago','tienda','',1,'2026-05-06 13:10:18'),(13,'Tienda Cafe Bambu','tienda','3112533941',0,'2026-05-06 13:10:53'),(14,'Jhonatan','tienda','3103054563',1,'2026-05-06 13:10:56'),(15,'Patrick Ortiz','tienda','3229252238',1,'2026-05-06 13:11:00'),(16,'Ibsen Soto','tienda','3217781684',0,'2026-05-06 13:12:43'),(17,'William','tienda','3164633042',1,'2026-05-06 13:13:52'),(18,'Tienda Gustavo','tienda','3105191841',0,'2026-05-06 13:17:16'),(19,'TiendaDonDanielVera','tienda','3153470934',0,'2026-05-06 13:18:12'),(20,'Tienda DonDanielVera','tienda','',0,'2026-05-12 18:16:05'),(21,'Don Daniel Vera','tienda','',0,'2026-05-12 18:16:17'),(22,'Sebastian','tienda','',1,'2026-05-12 18:20:14'),(23,'Ibsen','tienda','',1,'2026-05-12 18:20:48'),(24,'Juan sebastian','tienda','',0,'2026-05-12 18:21:05'),(25,'don panochata','tienda','0',0,'2026-05-12 18:45:34'),(26,'asd','tienda','0',0,'2026-05-12 20:14:22'),(27,'asdasd','tienda','23424233',0,'2026-05-12 20:14:29'),(28,'Isabella','tienda','0',1,'2026-05-12 20:18:56'),(29,'Sahira','tienda','0',1,'2026-05-12 20:19:23'),(30,'Cristian','tienda','0',1,'2026-05-12 20:19:34'),(31,'Daniel Vera','tienda','0',1,'2026-05-12 20:19:47'),(32,'Yessica','tienda','0',1,'2026-05-12 20:21:32'),(33,'Jorge','tienda','0',1,'2026-05-12 20:21:41'),(34,'Fabian','tienda','0',1,'2026-05-12 20:21:48'),(35,'Emerson','tienda','0',1,'2026-05-12 20:21:54'),(36,'Julian','tienda','0',1,'2026-05-12 20:21:59'),(37,'Gustavo','tienda','0',1,'2026-05-12 20:22:05'),(38,'Brayan','tienda','0',1,'2026-05-12 20:22:10'),(39,'Jaiber','tienda','0',1,'2026-05-12 20:22:16'),(40,'Johan Steven','tienda','0',1,'2026-05-12 20:22:46'),(41,'Ingrid','tienda','0',1,'2026-05-12 20:23:00'),(42,'Yuleiny','tienda','0',1,'2026-05-12 20:23:05'),(43,'Juanito','tienda','0',1,'2026-05-12 20:23:09'),(44,'Manuel','tienda','0',1,'2026-05-12 20:23:19'),(45,'Tienda ADSO','tienda','0',1,'2026-05-12 23:32:47'),(46,'Jhon Jario','tienda','3208345789',1,'2026-05-13 12:29:05');
/*!40000 ALTER TABLE `cliente` ENABLE KEYS */;
UNLOCK TABLES;

--
-- Table structure for table `compra`
--

DROP TABLE IF EXISTS `compra`;
/*!40101 SET @saved_cs_client     = @@character_set_client */;
/*!40101 SET character_set_client = utf8 */;
CREATE TABLE `compra` (
  `id_compra` int(11) NOT NULL AUTO_INCREMENT,
  `id_insumo` int(11) NOT NULL,
  `id_proveedor` int(11) NOT NULL,
  `id_usuario` int(11) NOT NULL,
  `cantidad` decimal(12,3) NOT NULL,
  `precio_unitario` decimal(12,4) NOT NULL,
  `total_pagado` decimal(12,2) NOT NULL COMMENT 'cantidad * precio_unitario',
  `fecha_compra` datetime NOT NULL DEFAULT current_timestamp(),
  `variacion_precio_pct` decimal(7,2) NOT NULL DEFAULT 0.00 COMMENT '% de variación respecto a la compra anterior',
  PRIMARY KEY (`id_compra`),
  KEY `fk_compra_proveedor` (`id_proveedor`),
  KEY `fk_compra_usuario` (`id_usuario`),
  KEY `idx_compra_insumo` (`id_insumo`,`fecha_compra`),
  CONSTRAINT `fk_compra_insumo` FOREIGN KEY (`id_insumo`) REFERENCES `insumo` (`id_insumo`),
  CONSTRAINT `fk_compra_proveedor` FOREIGN KEY (`id_proveedor`) REFERENCES `proveedor` (`id_proveedor`),
  CONSTRAINT `fk_compra_usuario` FOREIGN KEY (`id_usuario`) REFERENCES `usuario` (`id_usuario`)
) ENGINE=InnoDB AUTO_INCREMENT=48 DEFAULT CHARSET=utf8mb4 COLLATE=utf8mb4_unicode_ci COMMENT='Registro histórico de todas las compras de insumos';
/*!40101 SET character_set_client = @saved_cs_client */;

--
-- Dumping data for table `compra`
--

LOCK TABLES `compra` WRITE;
/*!40000 ALTER TABLE `compra` DISABLE KEYS */;
INSERT INTO `compra` VALUES (1,8,1,1,5000.000,9.0000,45000.00,'2026-03-23 00:00:00',0.00),(2,10,1,1,3000.000,13.0000,39000.00,'2026-03-23 00:00:00',0.00),(3,19,2,1,2500.000,9.2000,23000.00,'2026-03-24 00:00:00',0.00),(4,17,3,1,1200.000,21.6667,26000.00,'2026-03-24 00:00:00',0.00),(5,14,3,1,1200.000,21.6667,26000.00,'2026-03-24 00:00:00',0.00),(6,16,3,1,1200.000,21.6667,26000.00,'2026-03-24 00:00:00',0.00),(7,15,3,1,1200.000,21.6667,26000.00,'2026-03-24 00:00:00',0.00),(8,6,1,1,12500.000,3.6000,45000.00,'2026-03-24 00:00:00',0.00),(9,1,2,1,50.000,2600.0000,130000.00,'2026-03-24 00:00:00',0.00),(10,3,2,1,1000.000,2.5000,2500.00,'2026-03-24 00:00:00',0.00),(11,21,2,1,7500.000,5.2000,39000.00,'2026-03-30 00:00:00',0.00),(12,7,1,1,2.500,3920.0000,9800.00,'2026-04-08 00:00:00',0.00),(13,7,3,1,500.000,196.0000,98000.00,'2026-04-08 00:00:00',-95.00),(14,4,1,1,30000.000,8.6667,260000.00,'2026-04-08 00:00:00',0.00),(15,7,3,1,1800.000,22.5000,40500.00,'2026-04-08 00:00:00',-88.52),(16,5,4,1,300.000,416.6667,125000.00,'2026-04-08 00:00:00',0.00),(17,14,1,1,600.000,22.5000,13500.00,'2026-03-18 00:00:00',3.85),(29,9,3,1,600.000,22.5000,13500.00,'2026-04-08 00:00:00',0.00),(30,21,2,1,15000.000,10.0000,150000.00,'2026-03-25 00:00:00',92.31),(31,9,3,1,1200.000,22.5000,27000.00,'2026-04-09 00:00:00',0.00),(32,11,2,1,5000.000,20.4000,102000.00,'2026-04-09 00:00:00',0.00),(33,13,2,1,1000.000,20.0000,20000.00,'2026-04-10 00:00:00',0.00),(34,1,1,1,100.000,2700.0000,270000.00,'2026-04-10 00:00:00',3.85),(35,1,1,1,100.000,2700.0000,270000.00,'2026-04-10 00:00:00',0.00),(36,1,1,1,100.000,2700.0000,270000.00,'2026-04-10 00:00:00',0.00),(37,4,1,1,15000.000,9.0000,135000.00,'2026-04-10 00:00:00',3.85),(38,19,1,1,2500.000,8.8000,22000.00,'2026-04-10 00:00:00',-4.35),(39,2,1,1,30000.000,1.8500,55500.00,'2026-04-24 00:00:00',0.00),(40,5,4,1,300.000,450.0000,135000.00,'2026-04-24 00:00:00',8.00),(41,10,1,1,5000.000,15.0000,75000.00,'2026-04-24 00:00:00',15.38),(42,13,1,1,1000.000,30.0000,30000.00,'2026-04-27 00:00:00',50.00),(43,13,1,1,3000.000,10.0000,30000.00,'2026-05-12 00:00:00',-66.67),(44,11,2,1,2000.000,3.0000,6000.00,'2026-05-12 00:00:00',-85.29),(45,3,1,1,2000.000,3.0000,6000.00,'2026-05-12 00:00:00',20.00),(46,4,1,1,45000.000,8.6667,390000.00,'2026-05-12 00:00:00',-3.70),(47,11,1,1,7500.000,20.0000,150000.00,'2026-05-13 00:00:00',566.67);
/*!40000 ALTER TABLE `compra` ENABLE KEYS */;
UNLOCK TABLES;

--
-- Table structure for table `configuracion`
--

DROP TABLE IF EXISTS `configuracion`;
/*!40101 SET @saved_cs_client     = @@character_set_client */;
/*!40101 SET character_set_client = utf8 */;
CREATE TABLE `configuracion` (
  `id_config` int(11) NOT NULL AUTO_INCREMENT,
  `margen_minimo_pct` decimal(5,2) NOT NULL DEFAULT 30.00 COMMENT 'Porcentaje mínimo de ganancia aceptable',
  `dias_stock_seguridad` int(11) NOT NULL DEFAULT 3 COMMENT 'Días mínimos de stock antes de alertar',
  `pct_merma_harina` decimal(5,2) NOT NULL DEFAULT 6.00 COMMENT 'Porcentaje de merma aplicado a la harina',
  `alerta_variacion_precio` decimal(5,2) NOT NULL DEFAULT 5.00 COMMENT 'Variación % de precio que dispara alerta',
  `base_minima_caja` decimal(12,2) NOT NULL DEFAULT 0.00 COMMENT 'Saldo mínimo de caja recomendado',
  `fecha_actualizacion` datetime NOT NULL DEFAULT current_timestamp() ON UPDATE current_timestamp(),
  PRIMARY KEY (`id_config`)
) ENGINE=InnoDB AUTO_INCREMENT=2 DEFAULT CHARSET=utf8mb4 COLLATE=utf8mb4_unicode_ci COMMENT='Parámetros globales del negocio — solo una fila';
/*!40101 SET character_set_client = @saved_cs_client */;

--
-- Dumping data for table `configuracion`
--

LOCK TABLES `configuracion` WRITE;
/*!40000 ALTER TABLE `configuracion` DISABLE KEYS */;
INSERT INTO `configuracion` VALUES (1,30.00,3,6.00,5.00,0.00,'2026-02-25 22:06:40');
/*!40000 ALTER TABLE `configuracion` ENABLE KEYS */;
UNLOCK TABLES;

--
-- Table structure for table `consumo_lote`
--

DROP TABLE IF EXISTS `consumo_lote`;
/*!40101 SET @saved_cs_client     = @@character_set_client */;
/*!40101 SET character_set_client = utf8 */;
CREATE TABLE `consumo_lote` (
  `id_consumo` int(11) NOT NULL AUTO_INCREMENT,
  `id_lote` int(11) NOT NULL,
  `id_produccion` int(11) NOT NULL,
  `cantidad_consumida` decimal(12,4) NOT NULL COMMENT 'Cantidad real sin merma',
  `cantidad_con_merma` decimal(12,4) NOT NULL COMMENT 'Cantidad descontada incluyendo merma',
  `costo_consumo` decimal(12,2) NOT NULL COMMENT 'cantidad_con_merma * precio_unitario_lote',
  `fecha_consumo` datetime NOT NULL DEFAULT current_timestamp(),
  PRIMARY KEY (`id_consumo`),
  KEY `fk_cl_lote` (`id_lote`),
  KEY `fk_cl_produccion` (`id_produccion`),
  CONSTRAINT `fk_cl_lote` FOREIGN KEY (`id_lote`) REFERENCES `lote` (`id_lote`),
  CONSTRAINT `fk_cl_produccion` FOREIGN KEY (`id_produccion`) REFERENCES `produccion` (`id_produccion`)
) ENGINE=InnoDB AUTO_INCREMENT=349 DEFAULT CHARSET=utf8mb4 COLLATE=utf8mb4_unicode_ci COMMENT='Trazabilidad FIFO: lotes consumidos por producción';
/*!40101 SET character_set_client = @saved_cs_client */;

--
-- Dumping data for table `consumo_lote`
--

LOCK TABLES `consumo_lote` WRITE;
/*!40000 ALTER TABLE `consumo_lote` DISABLE KEYS */;
INSERT INTO `consumo_lote` VALUES (1,2,1,900.0000,0.0000,0.00,'2026-03-21 05:59:03'),(2,7,1,80.0000,0.0000,0.00,'2026-03-21 05:59:03'),(3,8,1,30.0000,0.0000,0.00,'2026-03-21 05:59:03'),(4,6,1,120.0000,0.0000,0.00,'2026-03-21 05:59:03'),(5,1,1,7.5000,0.0000,0.00,'2026-03-21 05:59:03'),(6,5,1,20.0000,0.0000,0.00,'2026-03-21 05:59:03'),(7,4,1,1900.0000,0.0000,0.00,'2026-03-21 05:59:03'),(8,3,1,150.0000,0.0000,0.00,'2026-03-21 05:59:03'),(9,10,1,80.0000,0.0000,0.00,'2026-03-21 05:59:03'),(10,2,2,900.0000,900.0000,0.00,'2026-03-23 19:40:35'),(11,7,2,80.0000,80.0000,0.00,'2026-03-23 19:40:35'),(12,8,2,30.0000,30.0000,0.00,'2026-03-23 19:40:35'),(13,6,2,120.0000,120.0000,0.00,'2026-03-23 19:40:35'),(14,1,2,7.5000,7.5000,0.00,'2026-03-23 19:40:35'),(15,5,2,20.0000,20.0000,0.00,'2026-03-23 19:40:35'),(16,11,2,80.0000,80.0000,720.00,'2026-03-23 19:40:35'),(17,10,2,80.0000,80.0000,0.00,'2026-03-23 19:40:35'),(18,4,2,1900.0000,1900.0000,0.00,'2026-03-23 19:40:35'),(19,3,2,150.0000,150.0000,0.00,'2026-03-23 19:40:35'),(20,9,2,122.0000,122.0000,0.00,'2026-03-23 19:40:35'),(21,12,2,120.0000,120.0000,1560.00,'2026-03-23 19:40:35'),(22,2,3,950.0000,950.0000,0.00,'2026-03-23 20:10:57'),(23,7,3,40.0000,40.0000,0.00,'2026-03-23 20:10:57'),(24,8,3,30.0000,30.0000,0.00,'2026-03-23 20:10:57'),(25,6,3,250.0000,250.0000,0.00,'2026-03-23 20:10:57'),(26,1,3,8.0000,8.0000,0.00,'2026-03-23 20:10:57'),(27,5,3,20.0000,20.0000,0.00,'2026-03-23 20:10:57'),(28,11,3,150.0000,150.0000,1350.00,'2026-03-23 20:10:57'),(29,10,3,130.0000,130.0000,0.00,'2026-03-23 20:10:57'),(30,4,3,1900.0000,1900.0000,0.00,'2026-03-23 20:10:57'),(31,3,3,160.0000,160.0000,0.00,'2026-03-23 20:10:57'),(32,2,4,624.0000,624.0000,0.00,'2026-03-24 12:50:05'),(33,1,4,5.0000,5.0000,0.00,'2026-03-24 12:50:05'),(34,10,4,70.0000,70.0000,0.00,'2026-03-24 12:50:05'),(35,4,4,750.0000,750.0000,0.00,'2026-03-24 12:50:05'),(36,3,4,150.0000,150.0000,0.00,'2026-03-24 12:50:05'),(37,2,5,900.0000,900.0000,0.00,'2026-03-24 12:50:57'),(38,8,5,30.0000,30.0000,0.00,'2026-03-24 12:50:57'),(39,6,5,120.0000,120.0000,0.00,'2026-03-24 12:50:57'),(40,1,5,7.5000,7.5000,0.00,'2026-03-24 12:50:57'),(41,11,5,80.0000,80.0000,720.00,'2026-03-24 12:50:57'),(42,10,5,80.0000,80.0000,0.00,'2026-03-24 12:50:57'),(43,4,5,1900.0000,1900.0000,0.00,'2026-03-24 12:50:57'),(44,3,5,150.0000,150.0000,0.00,'2026-03-24 12:50:57'),(45,9,5,122.0000,122.0000,0.00,'2026-03-24 12:50:57'),(46,12,5,120.0000,120.0000,1560.00,'2026-03-24 12:50:57'),(47,2,6,350.0000,350.0000,0.00,'2026-03-24 12:55:53'),(48,6,6,120.0000,120.0000,0.00,'2026-03-24 12:55:53'),(49,1,6,1.5000,1.5000,0.00,'2026-03-24 12:55:53'),(50,4,6,350.0000,350.0000,0.00,'2026-03-24 12:55:53'),(51,13,6,80.0000,80.0000,736.00,'2026-03-24 12:55:53'),(52,14,6,14.0000,14.0000,303.33,'2026-03-24 12:55:53'),(53,2,7,376.0000,376.0000,0.00,'2026-03-24 12:56:00'),(54,8,7,30.0000,30.0000,0.00,'2026-03-24 12:56:00'),(55,6,7,120.0000,120.0000,0.00,'2026-03-24 12:56:00'),(56,1,7,7.5000,7.5000,0.00,'2026-03-24 12:56:00'),(57,11,7,80.0000,80.0000,720.00,'2026-03-24 12:56:00'),(58,10,7,80.0000,80.0000,0.00,'2026-03-24 12:56:00'),(59,4,7,1900.0000,1900.0000,0.00,'2026-03-24 12:56:00'),(60,3,7,150.0000,150.0000,0.00,'2026-03-24 12:56:00'),(61,9,7,122.0000,122.0000,0.00,'2026-03-24 12:56:00'),(62,12,7,120.0000,120.0000,1560.00,'2026-03-24 12:56:00'),(63,1,8,4.0000,4.0000,0.00,'2026-03-24 12:57:14'),(64,10,8,50.0000,50.0000,0.00,'2026-03-24 12:57:14'),(65,4,8,800.0000,800.0000,0.00,'2026-03-24 12:57:14'),(66,16,8,14.0000,14.0000,303.33,'2026-03-24 12:57:14'),(67,15,8,14.0000,14.0000,303.33,'2026-03-24 12:57:14'),(68,17,8,14.0000,14.0000,303.33,'2026-03-24 12:57:14'),(69,8,9,30.0000,30.0000,0.00,'2026-03-24 12:59:34'),(70,6,9,150.0000,150.0000,0.00,'2026-03-24 12:59:34'),(71,18,9,100.0000,100.0000,360.00,'2026-03-24 12:59:34'),(72,1,9,1.5000,1.5000,0.00,'2026-03-24 12:59:34'),(73,19,9,6.5000,6.5000,16900.00,'2026-03-24 12:59:34'),(74,11,9,150.0000,150.0000,1350.00,'2026-03-24 12:59:34'),(75,10,9,130.0000,130.0000,0.00,'2026-03-24 12:59:34'),(76,4,9,1900.0000,1900.0000,0.00,'2026-03-24 12:59:34'),(77,3,9,90.0000,90.0000,0.00,'2026-03-24 12:59:34'),(78,20,9,70.0000,70.0000,175.00,'2026-03-24 12:59:34'),(79,9,9,850.0000,850.0000,0.00,'2026-03-24 12:59:34'),(80,12,9,450.0000,450.0000,5850.00,'2026-03-24 12:59:34'),(81,19,10,5.0000,5.0000,13000.00,'2026-04-06 18:00:39'),(82,10,10,70.0000,70.0000,0.00,'2026-04-06 18:00:39'),(83,4,10,750.0000,750.0000,0.00,'2026-04-06 18:00:39'),(84,20,10,150.0000,150.0000,375.00,'2026-04-06 18:00:39'),(85,21,10,2000.0000,2000.0000,10400.00,'2026-04-06 18:00:39'),(86,19,11,5.0000,5.0000,13000.00,'2026-04-06 18:09:36'),(87,10,11,70.0000,70.0000,0.00,'2026-04-06 18:09:36'),(88,4,11,750.0000,750.0000,0.00,'2026-04-06 18:09:36'),(89,20,11,150.0000,150.0000,375.00,'2026-04-06 18:09:36'),(90,21,11,2000.0000,2000.0000,10400.00,'2026-04-06 18:09:36'),(91,22,12,2.5000,2.5000,9800.00,'2026-04-08 17:45:50'),(92,23,12,117.5000,117.5000,23030.00,'2026-04-08 17:45:50'),(93,19,12,5.0000,5.0000,13000.00,'2026-04-08 17:45:50'),(94,10,12,70.0000,70.0000,0.00,'2026-04-08 17:45:50'),(95,4,12,200.0000,200.0000,0.00,'2026-04-08 17:45:50'),(96,24,12,550.0000,550.0000,4766.69,'2026-04-08 17:45:50'),(97,20,12,150.0000,150.0000,375.00,'2026-04-08 17:45:50'),(98,21,12,2000.0000,2000.0000,10400.00,'2026-04-08 17:45:50'),(99,18,13,120.0000,120.0000,432.00,'2026-04-08 20:40:12'),(100,19,13,1.5000,1.5000,3900.00,'2026-04-08 20:40:12'),(101,24,13,350.0000,350.0000,3033.35,'2026-04-08 20:40:12'),(102,13,13,80.0000,80.0000,736.00,'2026-04-08 20:40:12'),(103,14,13,14.0000,14.0000,303.33,'2026-04-08 20:40:12'),(104,23,14,80.0000,80.0000,15680.00,'2026-04-09 13:24:13'),(105,8,14,30.0000,30.0000,0.00,'2026-04-09 13:24:13'),(106,18,14,120.0000,120.0000,432.00,'2026-04-09 13:24:13'),(107,19,14,7.5000,7.5000,19500.00,'2026-04-09 13:24:13'),(108,26,14,20.0000,20.0000,8333.33,'2026-04-09 13:24:13'),(109,11,14,80.0000,80.0000,720.00,'2026-04-09 13:24:13'),(110,10,14,80.0000,80.0000,0.00,'2026-04-09 13:24:13'),(111,24,14,1900.0000,1900.0000,16466.73,'2026-04-09 13:24:13'),(112,20,14,150.0000,150.0000,375.00,'2026-04-09 13:24:13'),(113,9,14,122.0000,122.0000,0.00,'2026-04-09 13:24:13'),(114,12,14,120.0000,120.0000,1560.00,'2026-04-09 13:24:13'),(115,23,15,80.0000,80.0000,15680.00,'2026-04-09 20:18:53'),(116,8,15,30.0000,30.0000,0.00,'2026-04-09 20:18:53'),(117,18,15,120.0000,120.0000,432.00,'2026-04-09 20:18:53'),(118,19,15,7.5000,7.5000,19500.00,'2026-04-09 20:18:53'),(119,26,15,20.0000,20.0000,8333.33,'2026-04-09 20:18:53'),(120,11,15,80.0000,80.0000,720.00,'2026-04-09 20:18:53'),(121,10,15,80.0000,80.0000,0.00,'2026-04-09 20:18:53'),(122,24,15,1900.0000,1900.0000,16466.73,'2026-04-09 20:18:53'),(123,20,15,150.0000,150.0000,375.00,'2026-04-09 20:18:53'),(124,9,15,122.0000,122.0000,0.00,'2026-04-09 20:18:53'),(125,12,15,120.0000,120.0000,1560.00,'2026-04-09 20:18:53'),(126,23,16,120.0000,120.0000,23520.00,'2026-04-09 20:19:14'),(127,19,16,5.0000,5.0000,13000.00,'2026-04-09 20:19:14'),(128,10,16,70.0000,70.0000,0.00,'2026-04-09 20:19:14'),(129,24,16,750.0000,750.0000,6500.03,'2026-04-09 20:19:14'),(130,20,16,150.0000,150.0000,375.00,'2026-04-09 20:19:14'),(131,40,16,2000.0000,2000.0000,20000.00,'2026-04-09 20:19:14'),(132,23,17,102.5000,102.5000,20090.00,'2026-04-09 20:26:29'),(133,25,17,7.5000,7.5000,168.75,'2026-04-09 20:26:29'),(134,8,17,30.0000,30.0000,0.00,'2026-04-09 20:26:29'),(135,18,17,250.0000,250.0000,900.00,'2026-04-09 20:26:29'),(136,19,17,4.0000,4.0000,10400.00,'2026-04-09 20:26:29'),(137,26,17,25.0000,25.0000,10416.67,'2026-04-09 20:26:29'),(138,11,17,150.0000,150.0000,1350.00,'2026-04-09 20:26:29'),(139,10,17,130.0000,130.0000,0.00,'2026-04-09 20:26:29'),(140,24,17,1900.0000,1900.0000,16466.73,'2026-04-09 20:26:29'),(141,20,17,30.0000,30.0000,75.00,'2026-04-09 20:26:29'),(142,9,17,540.0000,540.0000,0.00,'2026-04-09 20:26:29'),(143,42,17,310.0000,310.0000,6324.00,'2026-04-09 20:26:29'),(144,12,17,450.0000,450.0000,5850.00,'2026-04-09 20:26:29'),(145,10,18,50.0000,50.0000,0.00,'2026-04-09 20:26:41'),(146,24,18,800.0000,800.0000,6933.36,'2026-04-09 20:26:41'),(147,16,18,14.0000,14.0000,303.33,'2026-04-09 20:26:41'),(148,27,18,14.0000,14.0000,315.00,'2026-04-09 20:26:41'),(149,17,18,14.0000,14.0000,303.33,'2026-04-09 20:26:41'),(150,18,19,120.0000,120.0000,432.00,'2026-04-09 20:26:51'),(151,24,19,350.0000,350.0000,3033.35,'2026-04-09 20:26:51'),(152,13,19,80.0000,80.0000,736.00,'2026-04-09 20:26:51'),(153,14,19,14.0000,14.0000,303.33,'2026-04-09 20:26:51'),(154,26,19,5.0000,5.0000,2083.33,'2026-04-09 20:26:51'),(155,25,20,80.0000,80.0000,1800.00,'2026-04-10 00:02:20'),(156,8,20,30.0000,30.0000,0.00,'2026-04-10 00:02:20'),(157,18,20,120.0000,120.0000,432.00,'2026-04-10 00:02:20'),(158,26,20,20.0000,20.0000,8333.33,'2026-04-10 00:02:20'),(159,11,20,80.0000,80.0000,720.00,'2026-04-10 00:02:20'),(160,10,20,80.0000,80.0000,0.00,'2026-04-10 00:02:20'),(161,24,20,1900.0000,1900.0000,16466.73,'2026-04-10 00:02:20'),(162,42,20,122.0000,122.0000,2488.80,'2026-04-10 00:02:20'),(163,12,20,120.0000,120.0000,1560.00,'2026-04-10 00:02:20'),(164,10,21,50.0000,50.0000,0.00,'2026-04-10 00:03:52'),(165,24,21,800.0000,800.0000,6933.36,'2026-04-10 00:03:52'),(166,16,21,14.0000,14.0000,303.33,'2026-04-10 00:03:52'),(167,27,21,14.0000,14.0000,315.00,'2026-04-10 00:03:52'),(168,17,21,14.0000,14.0000,303.33,'2026-04-10 00:03:52'),(169,25,22,80.0000,80.0000,1800.00,'2026-04-10 00:24:35'),(170,39,22,30.0000,30.0000,675.00,'2026-04-10 00:24:35'),(171,18,22,120.0000,120.0000,432.00,'2026-04-10 00:24:35'),(172,26,22,20.0000,20.0000,8333.33,'2026-04-10 00:24:35'),(173,11,22,80.0000,80.0000,720.00,'2026-04-10 00:24:35'),(174,10,22,50.0000,50.0000,0.00,'2026-04-10 00:24:35'),(175,24,22,1900.0000,1900.0000,16466.73,'2026-04-10 00:24:35'),(176,42,22,122.0000,122.0000,2488.80,'2026-04-10 00:24:35'),(177,12,22,120.0000,120.0000,1560.00,'2026-04-10 00:24:35'),(178,24,23,800.0000,800.0000,6933.36,'2026-04-10 00:32:29'),(179,16,23,14.0000,14.0000,303.33,'2026-04-10 00:32:29'),(180,27,23,14.0000,14.0000,315.00,'2026-04-10 00:32:29'),(181,17,23,14.0000,14.0000,303.33,'2026-04-10 00:32:29'),(182,24,24,450.0000,450.0000,3900.02,'2026-04-10 01:03:20'),(183,25,24,50.0000,50.0000,1125.00,'2026-04-10 01:03:20'),(184,39,24,10.0000,10.0000,225.00,'2026-04-10 01:03:20'),(185,26,24,9.0000,9.0000,3750.00,'2026-04-10 01:03:20'),(186,25,25,110.0000,110.0000,2475.00,'2026-04-10 10:51:52'),(187,39,25,30.0000,30.0000,675.00,'2026-04-10 10:51:52'),(188,18,25,250.0000,250.0000,900.00,'2026-04-10 10:51:52'),(189,26,25,25.0000,25.0000,10416.67,'2026-04-10 10:51:52'),(190,11,25,150.0000,150.0000,1350.00,'2026-04-10 10:51:52'),(191,24,25,1900.0000,1900.0000,16466.73,'2026-04-10 10:51:52'),(192,43,25,500.0000,500.0000,10000.00,'2026-04-10 10:51:52'),(193,42,25,850.0000,850.0000,17340.00,'2026-04-10 10:51:52'),(194,12,25,450.0000,450.0000,5850.00,'2026-04-10 10:51:52'),(195,24,26,450.0000,450.0000,3900.02,'2026-04-10 16:18:46'),(196,25,26,50.0000,50.0000,1125.00,'2026-04-10 16:18:46'),(197,39,26,10.0000,10.0000,225.00,'2026-04-10 16:18:46'),(198,26,26,9.0000,9.0000,3750.00,'2026-04-10 16:18:46'),(199,25,27,80.0000,80.0000,1800.00,'2026-04-10 16:23:10'),(200,39,27,30.0000,30.0000,675.00,'2026-04-10 16:23:10'),(201,18,27,120.0000,120.0000,432.00,'2026-04-10 16:23:10'),(202,44,27,7.5000,7.5000,20250.00,'2026-04-10 16:23:10'),(203,26,27,20.0000,20.0000,8333.33,'2026-04-10 16:23:10'),(204,11,27,80.0000,80.0000,720.00,'2026-04-10 16:23:10'),(205,24,27,1900.0000,1900.0000,16466.73,'2026-04-10 16:23:10'),(206,42,27,122.0000,122.0000,2488.80,'2026-04-10 16:23:10'),(207,12,27,120.0000,120.0000,1560.00,'2026-04-10 16:23:10'),(208,25,28,120.0000,120.0000,2700.00,'2026-04-10 20:27:12'),(209,44,28,5.0000,5.0000,13500.00,'2026-04-10 20:27:12'),(210,24,28,750.0000,750.0000,6500.03,'2026-04-10 20:27:12'),(211,40,28,2000.0000,2000.0000,20000.00,'2026-04-10 20:27:12'),(212,25,29,80.0000,80.0000,1800.00,'2026-04-23 20:35:24'),(213,39,29,30.0000,30.0000,675.00,'2026-04-23 20:35:24'),(214,18,29,120.0000,120.0000,432.00,'2026-04-23 20:35:24'),(215,44,29,7.5000,7.5000,20250.00,'2026-04-23 20:35:24'),(216,26,29,20.0000,20.0000,8333.33,'2026-04-23 20:35:24'),(217,11,29,80.0000,80.0000,720.00,'2026-04-23 20:35:24'),(218,24,29,1900.0000,1900.0000,16466.73,'2026-04-23 20:35:24'),(219,42,29,122.0000,122.0000,2488.80,'2026-04-23 20:35:24'),(220,12,29,120.0000,120.0000,1560.00,'2026-04-23 20:35:24'),(221,25,30,120.0000,120.0000,2700.00,'2026-04-23 20:36:02'),(222,44,30,5.0000,5.0000,13500.00,'2026-04-23 20:36:02'),(223,24,30,750.0000,750.0000,6500.03,'2026-04-23 20:36:02'),(224,40,30,2000.0000,2000.0000,20000.00,'2026-04-23 20:36:02'),(225,44,31,4.0000,4.0000,10800.00,'2026-04-23 20:36:10'),(226,24,31,800.0000,800.0000,6933.36,'2026-04-23 20:36:10'),(227,16,31,14.0000,14.0000,303.33,'2026-04-23 20:36:10'),(228,27,31,14.0000,14.0000,315.00,'2026-04-23 20:36:10'),(229,17,31,14.0000,14.0000,303.33,'2026-04-23 20:36:10'),(230,25,32,110.0000,110.0000,2475.00,'2026-04-23 20:36:47'),(231,39,32,30.0000,30.0000,675.00,'2026-04-23 20:36:47'),(232,18,32,250.0000,250.0000,900.00,'2026-04-23 20:36:47'),(233,44,32,8.0000,8.0000,21600.00,'2026-04-23 20:36:47'),(234,26,32,25.0000,25.0000,10416.67,'2026-04-23 20:36:47'),(235,11,32,150.0000,150.0000,1350.00,'2026-04-23 20:36:47'),(236,24,32,1900.0000,1900.0000,16466.73,'2026-04-23 20:36:47'),(237,43,32,500.0000,500.0000,10000.00,'2026-04-23 20:36:47'),(238,42,32,850.0000,850.0000,17340.00,'2026-04-23 20:36:47'),(239,12,32,450.0000,450.0000,5850.00,'2026-04-23 20:36:47'),(240,49,33,900.0000,900.0000,1665.00,'2026-04-24 21:12:29'),(241,25,33,80.0000,80.0000,1800.00,'2026-04-24 21:12:29'),(242,39,33,30.0000,30.0000,675.00,'2026-04-24 21:12:29'),(243,18,33,120.0000,120.0000,432.00,'2026-04-24 21:12:29'),(244,44,33,7.5000,7.5000,20250.00,'2026-04-24 21:12:29'),(245,26,33,20.0000,20.0000,8333.33,'2026-04-24 21:12:29'),(246,11,33,80.0000,80.0000,720.00,'2026-04-24 21:12:29'),(247,24,33,1900.0000,1900.0000,16466.73,'2026-04-24 21:12:29'),(248,42,33,122.0000,122.0000,2488.80,'2026-04-24 21:12:29'),(249,12,33,120.0000,120.0000,1560.00,'2026-04-24 21:12:29'),(250,49,34,800.0000,800.0000,1480.00,'2026-04-24 21:12:48'),(251,44,34,4.0000,4.0000,10800.00,'2026-04-24 21:12:48'),(252,24,34,800.0000,800.0000,6933.36,'2026-04-24 21:12:48'),(253,16,34,14.0000,14.0000,303.33,'2026-04-24 21:12:48'),(254,27,34,14.0000,14.0000,315.00,'2026-04-24 21:12:48'),(255,17,34,14.0000,14.0000,303.33,'2026-04-24 21:12:48'),(256,49,35,350.0000,350.0000,647.50,'2026-04-28 02:49:38'),(257,18,35,120.0000,120.0000,432.00,'2026-04-28 02:49:38'),(258,44,35,1.5000,1.5000,4050.00,'2026-04-28 02:49:38'),(259,24,35,350.0000,350.0000,3033.35,'2026-04-28 02:49:38'),(260,13,35,80.0000,80.0000,736.00,'2026-04-28 02:49:38'),(261,14,35,14.0000,14.0000,303.33,'2026-04-28 02:49:38'),(262,26,35,5.0000,5.0000,2083.33,'2026-04-28 02:49:38'),(263,49,36,950.0000,950.0000,1757.50,'2026-05-06 12:39:16'),(264,25,36,110.0000,110.0000,2475.00,'2026-05-06 12:39:16'),(265,39,36,30.0000,30.0000,675.00,'2026-05-06 12:39:16'),(266,18,36,250.0000,250.0000,900.00,'2026-05-06 12:39:16'),(267,44,36,8.0000,8.0000,21600.00,'2026-05-06 12:39:16'),(268,26,36,25.0000,25.0000,10416.67,'2026-05-06 12:39:16'),(269,11,36,150.0000,150.0000,1350.00,'2026-05-06 12:39:16'),(270,24,36,1900.0000,1900.0000,16466.73,'2026-05-06 12:39:16'),(271,52,36,500.0000,500.0000,15000.00,'2026-05-06 12:39:16'),(272,42,36,850.0000,850.0000,17340.00,'2026-05-06 12:39:16'),(273,51,36,450.0000,450.0000,6750.00,'2026-05-06 12:39:16'),(274,49,37,950.0000,950.0000,1757.50,'2026-05-12 20:07:35'),(275,25,37,110.0000,110.0000,2475.00,'2026-05-12 20:07:35'),(276,39,37,30.0000,30.0000,675.00,'2026-05-12 20:07:35'),(277,18,37,250.0000,250.0000,900.00,'2026-05-12 20:07:35'),(278,44,37,8.0000,8.0000,21600.00,'2026-05-12 20:07:35'),(279,26,37,25.0000,25.0000,10416.67,'2026-05-12 20:07:35'),(280,11,37,150.0000,150.0000,1350.00,'2026-05-12 20:07:35'),(281,24,37,350.0000,350.0000,3033.35,'2026-05-12 20:07:35'),(282,47,37,1550.0000,1550.0000,13950.00,'2026-05-12 20:07:35'),(283,52,37,500.0000,500.0000,15000.00,'2026-05-12 20:07:35'),(284,42,37,850.0000,850.0000,17340.00,'2026-05-12 20:07:35'),(285,51,37,450.0000,450.0000,6750.00,'2026-05-12 20:07:35'),(286,49,38,950.0000,950.0000,1757.50,'2026-05-12 20:25:20'),(287,25,38,110.0000,110.0000,2475.00,'2026-05-12 20:25:20'),(288,39,38,30.0000,30.0000,675.00,'2026-05-12 20:25:20'),(289,18,38,250.0000,250.0000,900.00,'2026-05-12 20:25:20'),(290,44,38,8.0000,8.0000,21600.00,'2026-05-12 20:25:20'),(291,26,38,7.0000,7.0000,2916.67,'2026-05-12 20:25:20'),(292,50,38,18.0000,18.0000,8100.00,'2026-05-12 20:25:20'),(293,11,38,150.0000,150.0000,1350.00,'2026-05-12 20:25:20'),(294,47,38,1900.0000,1900.0000,17100.00,'2026-05-12 20:25:20'),(295,53,38,500.0000,500.0000,5000.00,'2026-05-12 20:25:20'),(296,55,38,160.0000,160.0000,480.00,'2026-05-12 20:25:20'),(297,42,38,680.0000,680.0000,13872.00,'2026-05-12 20:25:20'),(298,54,38,170.0000,170.0000,510.00,'2026-05-12 20:25:20'),(299,51,38,450.0000,450.0000,6750.00,'2026-05-12 20:25:20'),(300,49,39,950.0000,950.0000,1757.50,'2026-05-12 20:26:53'),(301,25,39,110.0000,110.0000,2475.00,'2026-05-12 20:26:53'),(302,39,39,30.0000,30.0000,675.00,'2026-05-12 20:26:53'),(303,18,39,250.0000,250.0000,900.00,'2026-05-12 20:26:53'),(304,44,39,8.0000,8.0000,21600.00,'2026-05-12 20:26:53'),(305,50,39,25.0000,25.0000,11250.00,'2026-05-12 20:26:53'),(306,11,39,150.0000,150.0000,1350.00,'2026-05-12 20:26:53'),(307,47,39,1900.0000,1900.0000,17100.00,'2026-05-12 20:26:53'),(308,53,39,500.0000,500.0000,5000.00,'2026-05-12 20:26:53'),(309,55,39,160.0000,160.0000,480.00,'2026-05-12 20:26:53'),(310,54,39,850.0000,850.0000,2550.00,'2026-05-12 20:26:53'),(311,51,39,450.0000,450.0000,6750.00,'2026-05-12 20:26:53'),(312,49,40,900.0000,900.0000,1665.00,'2026-05-12 23:36:08'),(313,25,40,80.0000,80.0000,1800.00,'2026-05-12 23:36:08'),(314,39,40,30.0000,30.0000,675.00,'2026-05-12 23:36:08'),(315,18,40,120.0000,120.0000,432.00,'2026-05-12 23:36:08'),(316,44,40,7.5000,7.5000,20250.00,'2026-05-12 23:36:08'),(317,50,40,20.0000,20.0000,9000.00,'2026-05-12 23:36:08'),(318,11,40,80.0000,80.0000,720.00,'2026-05-12 23:36:08'),(319,47,40,1900.0000,1900.0000,17100.00,'2026-05-12 23:36:08'),(320,55,40,150.0000,150.0000,450.00,'2026-05-12 23:36:08'),(321,54,40,122.0000,122.0000,366.00,'2026-05-12 23:36:08'),(322,51,40,120.0000,120.0000,1800.00,'2026-05-12 23:36:08'),(323,49,41,950.0000,950.0000,1757.50,'2026-05-13 10:46:45'),(324,25,41,110.0000,110.0000,2475.00,'2026-05-13 10:46:45'),(325,39,41,30.0000,30.0000,675.00,'2026-05-13 10:46:45'),(326,18,41,250.0000,250.0000,900.00,'2026-05-13 10:46:45'),(327,44,41,4.5000,4.5000,12150.00,'2026-05-13 10:46:45'),(328,45,41,3.5000,3.5000,9450.00,'2026-05-13 10:46:45'),(329,50,41,25.0000,25.0000,11250.00,'2026-05-13 10:46:45'),(330,11,41,150.0000,150.0000,1350.00,'2026-05-13 10:46:45'),(331,47,41,1900.0000,1900.0000,17100.00,'2026-05-13 10:46:45'),(332,53,41,500.0000,500.0000,5000.00,'2026-05-13 10:46:45'),(333,55,41,160.0000,160.0000,480.00,'2026-05-13 10:46:45'),(334,54,41,850.0000,850.0000,2550.00,'2026-05-13 10:46:45'),(335,51,41,450.0000,450.0000,6750.00,'2026-05-13 10:46:45'),(336,49,42,950.0000,950.0000,1757.50,'2026-05-13 12:21:29'),(337,25,42,110.0000,110.0000,2475.00,'2026-05-13 12:21:29'),(338,39,42,30.0000,30.0000,675.00,'2026-05-13 12:21:29'),(339,18,42,250.0000,250.0000,900.00,'2026-05-13 12:21:29'),(340,45,42,8.0000,8.0000,21600.00,'2026-05-13 12:21:29'),(341,50,42,25.0000,25.0000,11250.00,'2026-05-13 12:21:29'),(342,11,42,150.0000,150.0000,1350.00,'2026-05-13 12:21:29'),(343,47,42,1900.0000,1900.0000,17100.00,'2026-05-13 12:21:29'),(344,53,42,500.0000,500.0000,5000.00,'2026-05-13 12:21:29'),(345,55,42,160.0000,160.0000,480.00,'2026-05-13 12:21:29'),(346,54,42,8.0000,8.0000,24.00,'2026-05-13 12:21:29'),(347,57,42,842.0000,842.0000,16840.00,'2026-05-13 12:21:29'),(348,51,42,450.0000,450.0000,6750.00,'2026-05-13 12:21:29');
/*!40000 ALTER TABLE `consumo_lote` ENABLE KEYS */;
UNLOCK TABLES;

--
-- Table structure for table `gasto`
--

DROP TABLE IF EXISTS `gasto`;
/*!40101 SET @saved_cs_client     = @@character_set_client */;
/*!40101 SET character_set_client = utf8 */;
CREATE TABLE `gasto` (
  `id_gasto` int(11) NOT NULL AUTO_INCREMENT,
  `id_cierre_dia` int(11) DEFAULT NULL,
  `id_usuario` int(11) NOT NULL,
  `categoria` enum('compra','servicio','otro') NOT NULL,
  `descripcion` varchar(255) NOT NULL,
  `valor` decimal(12,2) NOT NULL,
  `fecha_gasto` datetime NOT NULL DEFAULT current_timestamp(),
  PRIMARY KEY (`id_gasto`),
  KEY `fk_gasto_cierre_dia` (`id_cierre_dia`),
  KEY `fk_gasto_usuario` (`id_usuario`),
  CONSTRAINT `fk_gasto_cierre_dia` FOREIGN KEY (`id_cierre_dia`) REFERENCES `cierre_dia` (`id_cierre`),
  CONSTRAINT `fk_gasto_usuario` FOREIGN KEY (`id_usuario`) REFERENCES `usuario` (`id_usuario`)
) ENGINE=InnoDB AUTO_INCREMENT=6 DEFAULT CHARSET=utf8mb4 COLLATE=utf8mb4_unicode_ci COMMENT='Registro de todos los gastos del negocio por día';
/*!40101 SET character_set_client = @saved_cs_client */;

--
-- Dumping data for table `gasto`
--

LOCK TABLES `gasto` WRITE;
/*!40000 ALTER TABLE `gasto` DISABLE KEYS */;
INSERT INTO `gasto` VALUES (1,NULL,1,'otro','Gasolina',25000.00,'2026-03-24 13:01:04'),(2,NULL,1,'compra','Aseo',15000.00,'2026-03-24 13:01:38'),(3,NULL,1,'servicio','Recibo Agua',60000.00,'2026-03-24 13:02:24'),(4,NULL,1,'servicio','Recibo Energia',980000.00,'2026-04-08 20:48:20'),(5,NULL,1,'servicio','Internet',35000.00,'2026-04-10 16:26:28');
/*!40000 ALTER TABLE `gasto` ENABLE KEYS */;
UNLOCK TABLES;

--
-- Table structure for table `historial_precio`
--

DROP TABLE IF EXISTS `historial_precio`;
/*!40101 SET @saved_cs_client     = @@character_set_client */;
/*!40101 SET character_set_client = utf8 */;
CREATE TABLE `historial_precio` (
  `id_historial` int(11) NOT NULL AUTO_INCREMENT,
  `id_insumo` int(11) NOT NULL,
  `id_proveedor` int(11) NOT NULL,
  `id_compra` int(11) NOT NULL,
  `precio` decimal(12,4) NOT NULL,
  `variacion_pct` decimal(7,2) NOT NULL DEFAULT 0.00,
  `fecha_registro` datetime NOT NULL DEFAULT current_timestamp(),
  PRIMARY KEY (`id_historial`),
  KEY `fk_hp_proveedor` (`id_proveedor`),
  KEY `fk_hp_compra` (`id_compra`),
  KEY `idx_historial_insumo` (`id_insumo`,`id_proveedor`,`fecha_registro`),
  CONSTRAINT `fk_hp_compra` FOREIGN KEY (`id_compra`) REFERENCES `compra` (`id_compra`),
  CONSTRAINT `fk_hp_insumo` FOREIGN KEY (`id_insumo`) REFERENCES `insumo` (`id_insumo`),
  CONSTRAINT `fk_hp_proveedor` FOREIGN KEY (`id_proveedor`) REFERENCES `proveedor` (`id_proveedor`)
) ENGINE=InnoDB AUTO_INCREMENT=16 DEFAULT CHARSET=utf8mb4 COLLATE=utf8mb4_unicode_ci COMMENT='Historial de precios para análisis de variación';
/*!40101 SET character_set_client = @saved_cs_client */;

--
-- Dumping data for table `historial_precio`
--

LOCK TABLES `historial_precio` WRITE;
/*!40000 ALTER TABLE `historial_precio` DISABLE KEYS */;
INSERT INTO `historial_precio` VALUES (1,7,3,13,196.0000,-95.00,'2026-04-08 17:43:57'),(2,7,3,15,22.5000,-88.52,'2026-04-08 18:31:01'),(3,14,1,17,22.5000,3.85,'2026-04-08 21:01:25'),(4,21,2,30,10.0000,92.31,'2026-04-09 04:08:07'),(5,1,1,34,2700.0000,3.85,'2026-04-10 16:19:20'),(6,4,1,37,9.0000,3.85,'2026-04-10 20:17:04'),(7,19,1,38,8.8000,-4.35,'2026-04-10 20:26:54'),(8,5,4,40,450.0000,8.00,'2026-04-24 21:11:24'),(9,10,1,41,15.0000,15.38,'2026-04-24 21:42:26'),(10,13,1,42,30.0000,50.00,'2026-04-28 02:48:56'),(11,13,1,43,10.0000,-66.67,'2026-05-12 20:16:42'),(12,11,2,44,3.0000,-85.29,'2026-05-12 20:17:59'),(13,3,1,45,3.0000,20.00,'2026-05-12 20:18:36'),(14,4,1,46,8.6667,-3.70,'2026-05-12 20:26:29'),(15,11,1,47,20.0000,566.67,'2026-05-13 11:41:12');
/*!40000 ALTER TABLE `historial_precio` ENABLE KEYS */;
UNLOCK TABLES;

--
-- Table structure for table `insumo`
--

DROP TABLE IF EXISTS `insumo`;
/*!40101 SET @saved_cs_client     = @@character_set_client */;
/*!40101 SET character_set_client = utf8 */;
CREATE TABLE `insumo` (
  `id_insumo` int(11) NOT NULL AUTO_INCREMENT,
  `nombre` varchar(100) NOT NULL,
  `unidad_medida` enum('kg','g','L','ml','unidad') NOT NULL,
  `es_harina` tinyint(1) NOT NULL DEFAULT 0 COMMENT '1 = se aplica merma del 6%',
  `stock_actual` decimal(12,3) NOT NULL DEFAULT 0.000,
  `punto_reposicion` decimal(12,3) NOT NULL DEFAULT 0.000 COMMENT 'Stock mínimo antes de generar alerta',
  `consumo_promedio_diario` decimal(12,3) NOT NULL DEFAULT 0.000 COMMENT 'Se actualiza automáticamente',
  `activo` tinyint(1) NOT NULL DEFAULT 1,
  `fecha_creacion` datetime NOT NULL DEFAULT current_timestamp(),
  PRIMARY KEY (`id_insumo`),
  UNIQUE KEY `nombre` (`nombre`),
  KEY `idx_insumo_activo` (`activo`,`stock_actual`)
) ENGINE=InnoDB AUTO_INCREMENT=28 DEFAULT CHARSET=utf8mb4 COLLATE=utf8mb4_unicode_ci COMMENT='Materias primas e insumos de la panadería';
/*!40101 SET character_set_client = @saved_cs_client */;

--
-- Dumping data for table `insumo`
--

LOCK TABLES `insumo` WRITE;
/*!40000 ALTER TABLE `insumo` DISABLE KEYS */;
INSERT INTO `insumo` VALUES (1,'Harina de trigo','kg',1,177.000,10.000,0.000,1,'2026-03-20 22:11:46'),(2,'Azúcar','g',0,22078.000,1000.000,0.000,1,'2026-03-20 22:12:36'),(3,'Sal','g',0,2020.000,1000.000,0.000,1,'2026-03-20 22:12:59'),(4,'Mantequilla','g',0,37850.000,2000.000,0.000,1,'2026-03-20 22:13:19'),(5,'Huevos','unidad',0,118.000,45.000,0.000,1,'2026-03-20 22:14:07'),(6,'Fecula de Maiz','g',0,8830.000,2.500,0.000,1,'2026-03-20 22:14:26'),(7,'Esencia Mantequilla','ml',0,11010.000,1500.000,0.000,1,'2026-03-20 22:14:51'),(8,'Leche en polvo','g',0,2810.000,2000.000,0.000,1,'2026-03-20 22:14:59'),(9,'Esencia Vainilla Caramelo','ml',0,1150.000,500.000,0.000,1,'2026-03-20 22:15:31'),(10,'Manjar Blanco','g',0,2180.000,0.000,0.000,1,'2026-03-20 22:15:57'),(11,'Quesillo','g',0,6658.000,1500.000,0.000,1,'2026-03-20 22:16:25'),(12,'Polvo de Hornear','g',0,952.000,500.000,0.000,1,'2026-03-20 22:16:47'),(13,'Mantequilla de Vaca','g',0,1000.000,1.000,0.000,1,'2026-03-20 22:17:09'),(14,'Esencia Arequipe','ml',0,510.000,500.000,0.000,1,'2026-03-20 22:17:23'),(15,'Esencia Piña','ml',0,1116.000,500.000,0.000,1,'2026-03-20 22:17:38'),(16,'Esencia Banano','ml',0,930.000,500.000,0.000,1,'2026-03-20 22:17:45'),(17,'Esencia Coco','ml',0,622.000,500.000,0.000,1,'2026-03-20 22:17:51'),(18,'Levadura','g',0,4.000,500.000,0.000,1,'2026-03-20 22:25:09'),(19,'Coco','g',0,4840.000,1000.000,0.000,1,'2026-03-20 22:28:00'),(21,'Hojaldre','g',0,9000.000,2500.000,0.000,1,'2026-03-23 11:19:18'),(26,'Almidon','g',0,2000.000,1000.000,0.000,0,'2026-03-30 19:13:40'),(27,'Cafe','g',0,1000.000,500.000,0.000,0,'2026-04-24 21:46:19');
/*!40000 ALTER TABLE `insumo` ENABLE KEYS */;
UNLOCK TABLES;

--
-- Table structure for table `lote`
--

DROP TABLE IF EXISTS `lote`;
/*!40101 SET @saved_cs_client     = @@character_set_client */;
/*!40101 SET character_set_client = utf8 */;
CREATE TABLE `lote` (
  `id_lote` int(11) NOT NULL AUTO_INCREMENT,
  `id_insumo` int(11) NOT NULL,
  `id_compra` int(11) DEFAULT NULL COMMENT 'NULL si es lote de apertura inicial',
  `numero_lote` varchar(30) NOT NULL COMMENT 'Ej: HAR-2026-02-25-001',
  `cantidad_inicial` decimal(12,3) NOT NULL,
  `cantidad_disponible` decimal(12,3) NOT NULL,
  `precio_unitario` decimal(12,4) NOT NULL COMMENT 'Precio por unidad de medida al momento de la compra',
  `fecha_ingreso` datetime NOT NULL DEFAULT current_timestamp(),
  `estado` enum('activo','agotado') NOT NULL DEFAULT 'activo',
  PRIMARY KEY (`id_lote`),
  UNIQUE KEY `numero_lote` (`numero_lote`),
  KEY `idx_lote_insumo_estado` (`id_insumo`,`estado`,`fecha_ingreso`) COMMENT 'Clave para algoritmo FIFO',
  CONSTRAINT `fk_lote_insumo` FOREIGN KEY (`id_insumo`) REFERENCES `insumo` (`id_insumo`)
) ENGINE=InnoDB AUTO_INCREMENT=58 DEFAULT CHARSET=utf8mb4 COLLATE=utf8mb4_unicode_ci COMMENT='Lotes de insumos ordenados por fecha para FIFO';
/*!40101 SET character_set_client = @saved_cs_client */;

--
-- Dumping data for table `lote`
--

LOCK TABLES `lote` WRITE;
/*!40000 ALTER TABLE `lote` DISABLE KEYS */;
INSERT INTO `lote` VALUES (1,1,NULL,'INI-2026-03-21-001',50.000,0.000,0.0000,'2026-03-21 05:58:27','agotado'),(2,2,NULL,'INI-2026-03-21-002',5000.000,0.000,0.0000,'2026-03-21 05:58:27','agotado'),(3,3,NULL,'INI-2026-03-21-003',1000.000,0.000,0.0000,'2026-03-21 05:58:27','agotado'),(4,4,NULL,'INI-2026-03-21-004',15000.000,0.000,0.0000,'2026-03-21 05:58:27','agotado'),(5,5,NULL,'INI-2026-03-21-005',60.000,0.000,0.0000,'2026-03-21 05:58:27','agotado'),(6,6,NULL,'INI-2026-03-21-006',1000.000,0.000,0.0000,'2026-03-21 05:58:27','agotado'),(7,7,NULL,'INI-2026-03-21-007',200.000,0.000,0.0000,'2026-03-21 05:58:27','agotado'),(8,9,NULL,'INI-2026-03-21-008',300.000,0.000,0.0000,'2026-03-21 05:58:27','agotado'),(9,11,NULL,'INI-2026-03-21-009',2000.000,0.000,0.0000,'2026-03-21 05:58:27','agotado'),(10,18,NULL,'INI-2026-03-21-010',1500.000,0.000,0.0000,'2026-03-21 05:58:27','agotado'),(11,8,1,'LEC-2026-03-23-001',5000.000,2470.000,9.0000,'2026-03-23 00:00:00','activo'),(12,10,2,'MAN-2026-03-23-002',3000.000,0.000,13.0000,'2026-03-23 00:00:00','agotado'),(13,19,3,'COC-2026-03-24-001',2500.000,2180.000,9.2000,'2026-03-24 00:00:00','activo'),(14,17,4,'ESE-2026-03-24-002',1200.000,1144.000,21.6667,'2026-03-24 00:00:00','activo'),(15,14,5,'ESE-2026-03-24-003',1200.000,1186.000,21.6667,'2026-03-24 00:00:00','activo'),(16,16,6,'ESE-2026-03-24-004',1200.000,1116.000,21.6667,'2026-03-24 00:00:00','activo'),(17,15,7,'ESE-2026-03-24-005',1200.000,1116.000,21.6667,'2026-03-24 00:00:00','activo'),(18,6,8,'FEC-2026-03-24-006',12500.000,8830.000,3.6000,'2026-03-24 00:00:00','activo'),(19,1,9,'HAR-2026-03-24-007',50.000,0.000,2600.0000,'2026-03-24 00:00:00','agotado'),(20,3,10,'SAL-2026-03-24-008',1000.000,0.000,2.5000,'2026-03-24 00:00:00','agotado'),(21,21,11,'HOJ-2026-03-30-001',7500.000,1500.000,5.2000,'2026-03-30 00:00:00','activo'),(22,7,12,'ESE-2026-04-08-001',2.500,0.000,3920.0000,'2026-04-08 00:00:00','agotado'),(23,7,13,'ESE-2026-04-08-002',500.000,0.000,196.0000,'2026-04-08 00:00:00','agotado'),(24,4,14,'MAN-2026-04-08-003',30000.000,0.000,8.6667,'2026-04-08 00:00:00','agotado'),(25,7,15,'ESE-2026-04-08-004',1800.000,92.500,22.5000,'2026-04-08 00:00:00','activo'),(26,5,16,'HUE-2026-04-08-005',300.000,0.000,416.6667,'2026-04-08 00:00:00','agotado'),(27,14,17,'ESE-2026-04-08-006',600.000,530.000,22.5000,'2026-03-18 00:00:00','activo'),(39,9,29,'ESE-2026-04-08-007',600.000,190.000,22.5000,'2026-04-08 00:00:00','activo'),(40,21,30,'HOJ-2026-04-08-001',15000.000,9000.000,10.0000,'2026-03-25 00:00:00','activo'),(41,9,31,'ESE-2026-04-09-001',1200.000,1200.000,22.5000,'2026-04-09 00:00:00','activo'),(42,11,32,'QUE-2026-04-09-001',5000.000,0.000,20.4000,'2026-04-09 00:00:00','agotado'),(43,13,33,'MAN-2026-04-10-001',1000.000,0.000,20.0000,'2026-04-10 00:00:00','agotado'),(44,1,34,'HAR-2026-04-10-001',100.000,0.000,2700.0000,'2026-04-10 00:00:00','agotado'),(45,1,35,'HAR-2026-04-10-002',100.000,82.500,2700.0000,'2026-04-10 00:00:00','activo'),(46,1,36,'HAR-2026-04-10-003',100.000,94.000,2700.0000,'2026-04-10 00:00:00','activo'),(47,4,37,'MAN-2026-04-10-002',15000.000,3950.000,9.0000,'2026-04-10 00:00:00','activo'),(48,19,38,'COC-2026-04-10-001',2500.000,2500.000,8.8000,'2026-04-10 00:00:00','activo'),(49,2,39,'AZ?-2026-04-24-001',30000.000,21350.000,1.8500,'2026-04-24 00:00:00','activo'),(50,5,40,'HUE-2026-04-24-001',300.000,187.000,450.0000,'2026-04-24 00:00:00','activo'),(51,10,41,'MAN-2026-04-24-001',5000.000,2180.000,15.0000,'2026-04-24 00:00:00','activo'),(52,13,42,'MAN-2026-04-27-001',1000.000,0.000,30.0000,'2026-04-27 00:00:00','agotado'),(53,13,43,'MAN-2026-05-12-001',3000.000,1000.000,10.0000,'2026-05-12 00:00:00','activo'),(54,11,44,'QUE-2026-05-12-001',2000.000,0.000,3.0000,'2026-05-12 00:00:00','agotado'),(55,3,45,'SAL-2026-05-12-001',2000.000,1210.000,3.0000,'2026-05-12 00:00:00','activo'),(56,4,46,'MAN-2026-05-12-002',45000.000,45000.000,8.6667,'2026-05-12 00:00:00','activo'),(57,11,47,'QUE-2026-05-13-001',7500.000,6658.000,20.0000,'2026-05-13 00:00:00','activo');
/*!40000 ALTER TABLE `lote` ENABLE KEYS */;
UNLOCK TABLES;

--
-- Table structure for table `produccion`
--

DROP TABLE IF EXISTS `produccion`;
/*!40101 SET @saved_cs_client     = @@character_set_client */;
/*!40101 SET character_set_client = utf8 */;
CREATE TABLE `produccion` (
  `id_produccion` int(11) NOT NULL AUTO_INCREMENT,
  `id_producto` int(11) NOT NULL,
  `id_receta` int(11) NOT NULL,
  `id_usuario` int(11) NOT NULL,
  `cantidad_tandas` decimal(5,1) NOT NULL DEFAULT 1.0,
  `observaciones` varchar(255) DEFAULT NULL,
  `unidades_producidas` int(11) NOT NULL,
  `costo_total` decimal(12,2) NOT NULL DEFAULT 0.00,
  `costo_unitario` decimal(12,4) NOT NULL DEFAULT 0.0000,
  `fecha_produccion` datetime NOT NULL DEFAULT current_timestamp(),
  PRIMARY KEY (`id_produccion`),
  KEY `fk_prod_producto` (`id_producto`),
  KEY `fk_prod_receta` (`id_receta`),
  KEY `fk_prod_usuario` (`id_usuario`),
  KEY `idx_produccion_fecha` (`fecha_produccion`),
  CONSTRAINT `fk_prod_producto` FOREIGN KEY (`id_producto`) REFERENCES `producto` (`id_producto`),
  CONSTRAINT `fk_prod_receta` FOREIGN KEY (`id_receta`) REFERENCES `receta` (`id_receta`),
  CONSTRAINT `fk_prod_usuario` FOREIGN KEY (`id_usuario`) REFERENCES `usuario` (`id_usuario`)
) ENGINE=InnoDB AUTO_INCREMENT=43 DEFAULT CHARSET=utf8mb4 COLLATE=utf8mb4_unicode_ci COMMENT='Registro de cada corrida de producción';
/*!40101 SET character_set_client = @saved_cs_client */;

--
-- Dumping data for table `produccion`
--

LOCK TABLES `produccion` WRITE;
/*!40000 ALTER TABLE `produccion` DISABLE KEYS */;
INSERT INTO `produccion` VALUES (1,1,1,1,1.0,'⚠ Registrado con stock insuficiente',350,0.00,0.0000,'2026-03-21 05:59:03'),(2,1,1,1,1.0,'',350,2280.00,6.5143,'2026-03-23 19:40:35'),(3,2,2,1,1.0,'',82,1350.00,16.4634,'2026-03-23 20:10:57'),(4,3,3,1,1.0,'',288,0.00,0.0000,'2026-03-24 12:50:05'),(5,1,1,1,1.0,'',350,2280.00,6.5143,'2026-03-24 12:50:57'),(6,5,5,1,1.0,'',84,1039.33,12.3730,'2026-03-24 12:55:53'),(7,1,1,1,1.0,'',350,2280.00,6.5143,'2026-03-24 12:56:00'),(8,4,4,1,1.0,'',182,909.99,4.9999,'2026-03-24 12:57:14'),(9,2,2,1,1.0,'',82,24635.00,300.4268,'2026-03-24 12:59:34'),(10,3,3,1,1.0,'',288,23775.00,82.5521,'2026-04-06 18:00:39'),(11,3,3,1,1.0,'',288,23775.00,82.5521,'2026-04-06 18:09:36'),(12,3,3,1,1.0,'',288,61371.69,213.0961,'2026-04-08 12:45:50'),(13,5,5,1,1.0,'',84,8404.68,100.0557,'2026-04-08 15:40:12'),(14,1,1,1,1.0,'',350,63067.06,180.1916,'2026-04-09 08:24:13'),(15,1,1,1,1.0,'',350,63067.06,180.1916,'2026-04-09 15:18:53'),(16,3,3,1,1.0,'',288,63395.03,220.1216,'2026-04-09 15:19:14'),(17,2,2,1,1.0,'',82,72041.15,878.5506,'2026-04-09 15:26:29'),(18,4,4,1,1.0,'',182,7855.02,43.1595,'2026-04-09 15:26:41'),(19,5,5,1,1.0,'',84,6588.01,78.4287,'2026-04-09 15:26:51'),(20,1,1,1,1.0,'',350,31800.86,90.8596,'2026-04-09 19:02:20'),(21,4,4,1,1.0,'',182,7855.02,43.1595,'2026-04-09 19:03:52'),(22,1,1,1,1.0,'',350,32475.86,92.7882,'2026-04-09 19:24:35'),(23,4,4,1,1.0,'',182,7855.02,43.1595,'2026-04-09 19:32:29'),(24,7,7,1,1.0,'',15,9000.02,600.0013,'2026-04-09 20:03:20'),(25,2,2,1,1.0,'',82,65473.40,798.4561,'2026-04-10 05:51:52'),(26,7,7,1,1.0,'',15,9000.02,600.0013,'2026-04-10 11:18:46'),(27,1,1,1,1.0,'',350,52725.86,150.6453,'2026-04-10 11:23:10'),(28,3,3,1,1.0,'',288,42700.03,148.2640,'2026-04-10 15:27:12'),(29,1,1,1,1.0,'',350,52725.86,150.6453,'2026-04-23 15:35:24'),(30,3,3,1,1.0,'',288,42700.03,148.2640,'2026-04-23 15:36:02'),(31,4,4,1,1.0,'',182,18655.02,102.5001,'2026-04-23 15:36:10'),(32,2,2,1,1.0,'',82,87073.40,1061.8707,'2026-04-23 15:36:47'),(33,1,1,1,1.0,'',350,54390.86,155.4025,'2026-04-24 16:12:29'),(34,4,4,1,1.0,'',182,20135.02,110.6320,'2026-04-24 16:12:48'),(35,5,5,1,1.0,'',84,11285.51,134.3513,'2026-04-27 21:49:38'),(36,2,2,1,1.0,'',82,94730.90,1155.2549,'2026-05-06 12:39:16'),(37,2,2,1,1.0,'',82,95247.52,1161.5551,'2026-05-12 20:07:35'),(38,2,2,1,1.0,'',82,83486.17,1018.1240,'2026-05-12 20:25:20'),(39,2,2,1,1.0,'',82,71887.50,876.6768,'2026-05-12 20:26:53'),(40,1,1,1,1.0,'',350,54258.00,155.0229,'2026-05-12 23:36:08'),(41,2,2,1,1.0,'',82,71887.50,876.6768,'2026-05-13 10:46:45'),(42,2,2,1,1.0,'',82,86201.50,1051.2378,'2026-05-13 12:21:29');
/*!40000 ALTER TABLE `produccion` ENABLE KEYS */;
UNLOCK TABLES;

--
-- Table structure for table `produccion_precio`
--

DROP TABLE IF EXISTS `produccion_precio`;
/*!40101 SET @saved_cs_client     = @@character_set_client */;
/*!40101 SET character_set_client = utf8 */;
CREATE TABLE `produccion_precio` (
  `id` int(11) NOT NULL AUTO_INCREMENT,
  `id_produccion` int(11) NOT NULL,
  `id_categoria_precio` int(11) NOT NULL,
  `unidades` int(11) NOT NULL DEFAULT 0,
  PRIMARY KEY (`id`),
  KEY `fk_pp_produccion` (`id_produccion`),
  KEY `fk_pp_categoria` (`id_categoria_precio`),
  KEY `idx_prodprecio_cat` (`id_categoria_precio`),
  CONSTRAINT `fk_pp_categoria` FOREIGN KEY (`id_categoria_precio`) REFERENCES `categoria_precio` (`id_categoria`) ON UPDATE CASCADE,
  CONSTRAINT `fk_pp_produccion` FOREIGN KEY (`id_produccion`) REFERENCES `produccion` (`id_produccion`) ON DELETE CASCADE
) ENGINE=InnoDB AUTO_INCREMENT=62 DEFAULT CHARSET=utf8mb4 COLLATE=utf8mb4_unicode_ci COMMENT='Distribución de unidades producidas por categoría de precio';
/*!40101 SET character_set_client = @saved_cs_client */;

--
-- Dumping data for table `produccion_precio`
--

LOCK TABLES `produccion_precio` WRITE;
/*!40000 ALTER TABLE `produccion_precio` DISABLE KEYS */;
INSERT INTO `produccion_precio` VALUES (1,1,13,350),(2,2,13,350),(3,3,15,82),(4,4,13,288),(5,5,13,350),(6,6,13,84),(7,7,13,350),(8,8,13,182),(9,9,15,82),(10,10,13,288),(11,11,13,288),(12,12,13,288),(13,13,13,84),(14,14,13,350),(15,15,13,350),(16,16,13,288),(17,17,15,82),(18,18,13,182),(19,19,13,84),(20,20,13,350),(21,21,13,182),(22,22,13,350),(23,23,13,182),(24,24,14,15),(32,25,15,55),(33,25,16,7),(34,25,17,20),(35,26,13,15),(36,27,13,350),(37,28,13,288),(38,29,13,350),(39,30,13,288),(40,31,13,182),(41,32,14,15),(42,32,15,40),(43,32,16,7),(44,32,17,20),(45,33,13,350),(46,34,13,182),(47,35,13,84),(48,36,15,50),(49,36,16,7),(50,36,17,25),(51,37,15,50),(52,37,16,7),(53,37,17,25),(54,38,15,30),(55,38,16,14),(56,38,17,38),(57,39,17,82),(58,40,13,330),(59,40,14,20),(60,41,17,82),(61,42,17,82);
/*!40000 ALTER TABLE `produccion_precio` ENABLE KEYS */;
UNLOCK TABLES;

--
-- Table structure for table `producto`
--

DROP TABLE IF EXISTS `producto`;
/*!40101 SET @saved_cs_client     = @@character_set_client */;
/*!40101 SET character_set_client = utf8 */;
CREATE TABLE `producto` (
  `id_producto` int(11) NOT NULL AUTO_INCREMENT,
  `nombre` varchar(100) NOT NULL,
  `categoria` enum('sal','dulce','especial') NOT NULL DEFAULT 'sal',
  `precio_venta` decimal(12,2) NOT NULL DEFAULT 0.00,
  `activo` tinyint(1) NOT NULL DEFAULT 1,
  `fecha_creacion` datetime NOT NULL DEFAULT current_timestamp(),
  `unidad_produccion` varchar(20) NOT NULL DEFAULT 'carro',
  `cantidad_por_tanda` decimal(10,2) NOT NULL DEFAULT 0.00,
  PRIMARY KEY (`id_producto`),
  UNIQUE KEY `nombre` (`nombre`)
) ENGINE=InnoDB AUTO_INCREMENT=10 DEFAULT CHARSET=utf8mb4 COLLATE=utf8mb4_unicode_ci COMMENT='Productos terminados que se venden en la panadería';
/*!40101 SET character_set_client = @saved_cs_client */;

--
-- Dumping data for table `producto`
--

LOCK TABLES `producto` WRITE;
/*!40000 ALTER TABLE `producto` DISABLE KEYS */;
INSERT INTO `producto` VALUES (1,'Pan de Sal','sal',500.00,1,'2026-03-20 22:18:55','unidad',350.00),(2,'Pan Grande','sal',2000.00,1,'2026-03-20 22:21:38','unidad',82.00),(3,'Croissant','especial',500.00,1,'2026-03-20 22:23:57','unidad',288.00),(4,'Pan Dulce','dulce',500.00,1,'2026-03-20 22:26:18','unidad',182.00),(5,'Pan Coco','especial',500.00,1,'2026-03-20 22:27:04','unidad',84.00),(6,'Pan Caleño','especial',500.00,1,'2026-03-30 19:22:19','unidad',100.00),(7,'Pan Sal','sal',1000.00,0,'2026-04-10 00:45:50','unidad',15.00),(9,'Pan Cafe','especial',500.00,1,'2026-04-24 21:45:47','unidad',100.00);
/*!40000 ALTER TABLE `producto` ENABLE KEYS */;
UNLOCK TABLES;

--
-- Table structure for table `proveedor`
--

DROP TABLE IF EXISTS `proveedor`;
/*!40101 SET @saved_cs_client     = @@character_set_client */;
/*!40101 SET character_set_client = utf8 */;
CREATE TABLE `proveedor` (
  `id_proveedor` int(11) NOT NULL AUTO_INCREMENT,
  `nombre` varchar(100) NOT NULL,
  `telefono` varchar(20) DEFAULT NULL,
  `tipo_entrega` enum('domicilio','recogida','visita') NOT NULL DEFAULT 'domicilio',
  `dias_visita` varchar(100) DEFAULT NULL,
  `dias_entrega_promedio` decimal(4,1) NOT NULL DEFAULT 1.0,
  `activo` tinyint(1) NOT NULL DEFAULT 1,
  PRIMARY KEY (`id_proveedor`),
  UNIQUE KEY `nombre` (`nombre`)
) ENGINE=InnoDB AUTO_INCREMENT=5 DEFAULT CHARSET=utf8mb4 COLLATE=utf8mb4_unicode_ci COMMENT='Proveedores de materias primas';
/*!40101 SET character_set_client = @saved_cs_client */;

--
-- Dumping data for table `proveedor`
--

LOCK TABLES `proveedor` WRITE;
/*!40000 ALTER TABLE `proveedor` DISABLE KEYS */;
INSERT INTO `proveedor` VALUES (1,'La Queserita','3051236598','domicilio',NULL,0.5,1),(2,'Otros','','recogida',NULL,0.0,1),(3,'Levapan','3216549871','visita','miercoles,sabado',0.0,1),(4,'DistriHuevos','3132545987','visita','lunes,viernes',0.0,1);
/*!40000 ALTER TABLE `proveedor` ENABLE KEYS */;
UNLOCK TABLES;

--
-- Table structure for table `proyeccion_caja`
--

DROP TABLE IF EXISTS `proyeccion_caja`;
/*!40101 SET @saved_cs_client     = @@character_set_client */;
/*!40101 SET character_set_client = utf8 */;
CREATE TABLE `proyeccion_caja` (
  `id_proyeccion` int(11) NOT NULL AUTO_INCREMENT,
  `id_usuario` int(11) NOT NULL,
  `fecha_generacion` datetime NOT NULL DEFAULT current_timestamp(),
  `semana_proyectada` date NOT NULL COMMENT 'Lunes de la semana proyectada',
  `ingreso_proyectado` decimal(12,2) NOT NULL DEFAULT 0.00,
  `gasto_proyectado` decimal(12,2) NOT NULL DEFAULT 0.00,
  `saldo_proyectado` decimal(12,2) NOT NULL DEFAULT 0.00,
  `alerta_caja_baja` tinyint(1) NOT NULL DEFAULT 0,
  PRIMARY KEY (`id_proyeccion`),
  KEY `fk_proy_usuario` (`id_usuario`),
  CONSTRAINT `fk_proy_usuario` FOREIGN KEY (`id_usuario`) REFERENCES `usuario` (`id_usuario`)
) ENGINE=InnoDB DEFAULT CHARSET=utf8mb4 COLLATE=utf8mb4_unicode_ci COMMENT='Proyecciones semanales de flujo de caja';
/*!40101 SET character_set_client = @saved_cs_client */;

--
-- Dumping data for table `proyeccion_caja`
--

LOCK TABLES `proyeccion_caja` WRITE;
/*!40000 ALTER TABLE `proyeccion_caja` DISABLE KEYS */;
/*!40000 ALTER TABLE `proyeccion_caja` ENABLE KEYS */;
UNLOCK TABLES;

--
-- Table structure for table `receta`
--

DROP TABLE IF EXISTS `receta`;
/*!40101 SET @saved_cs_client     = @@character_set_client */;
/*!40101 SET character_set_client = utf8 */;
CREATE TABLE `receta` (
  `id_receta` int(11) NOT NULL AUTO_INCREMENT,
  `id_producto` int(11) NOT NULL,
  `id_usuario` int(11) NOT NULL COMMENT 'Propietario que la creó',
  `version` int(11) NOT NULL DEFAULT 1,
  `es_vigente` tinyint(1) NOT NULL DEFAULT 1 COMMENT 'Solo una receta vigente por producto',
  `es_ajuste_temporal` tinyint(1) NOT NULL DEFAULT 0,
  `fecha_ajuste_temporal` date DEFAULT NULL COMMENT 'Fecha en que aplica el ajuste temporal',
  `fecha_creacion` datetime NOT NULL DEFAULT current_timestamp(),
  `descripcion` varchar(255) DEFAULT NULL,
  PRIMARY KEY (`id_receta`),
  KEY `fk_receta_producto` (`id_producto`),
  KEY `fk_receta_usuario` (`id_usuario`),
  CONSTRAINT `fk_receta_producto` FOREIGN KEY (`id_producto`) REFERENCES `producto` (`id_producto`),
  CONSTRAINT `fk_receta_usuario` FOREIGN KEY (`id_usuario`) REFERENCES `usuario` (`id_usuario`)
) ENGINE=InnoDB AUTO_INCREMENT=8 DEFAULT CHARSET=utf8mb4 COLLATE=utf8mb4_unicode_ci COMMENT='Versiones de recetas — permite historial y ajustes temporales';
/*!40101 SET character_set_client = @saved_cs_client */;

--
-- Dumping data for table `receta`
--

LOCK TABLES `receta` WRITE;
/*!40000 ALTER TABLE `receta` DISABLE KEYS */;
INSERT INTO `receta` VALUES (1,1,1,1,1,0,NULL,'2026-03-20 22:19:11',NULL),(2,2,1,1,1,0,NULL,'2026-03-20 22:23:17',NULL),(3,3,1,1,1,0,NULL,'2026-03-20 22:24:03',NULL),(4,4,1,1,1,0,NULL,'2026-03-20 22:26:47',NULL),(5,5,1,1,1,0,NULL,'2026-03-20 22:27:42',NULL),(6,6,1,1,1,0,NULL,'2026-03-30 19:22:50',NULL),(7,7,1,1,1,0,NULL,'2026-04-10 01:02:58',NULL);
/*!40000 ALTER TABLE `receta` ENABLE KEYS */;
UNLOCK TABLES;

--
-- Table structure for table `receta_ingrediente`
--

DROP TABLE IF EXISTS `receta_ingrediente`;
/*!40101 SET @saved_cs_client     = @@character_set_client */;
/*!40101 SET character_set_client = utf8 */;
CREATE TABLE `receta_ingrediente` (
  `id_receta_ing` int(11) NOT NULL AUTO_INCREMENT,
  `id_receta` int(11) NOT NULL,
  `id_insumo` int(11) NOT NULL,
  `cantidad` decimal(12,4) NOT NULL COMMENT 'Cantidad por unidad de producto',
  `unidad` varchar(20) NOT NULL,
  `aplica_merma` tinyint(1) NOT NULL DEFAULT 0 COMMENT '1 = se suma el % de merma al descontar',
  `notas` varchar(255) DEFAULT NULL,
  PRIMARY KEY (`id_receta_ing`),
  KEY `fk_ri_receta` (`id_receta`),
  KEY `fk_ri_insumo` (`id_insumo`),
  CONSTRAINT `fk_ri_insumo` FOREIGN KEY (`id_insumo`) REFERENCES `insumo` (`id_insumo`),
  CONSTRAINT `fk_ri_receta` FOREIGN KEY (`id_receta`) REFERENCES `receta` (`id_receta`)
) ENGINE=InnoDB AUTO_INCREMENT=159 DEFAULT CHARSET=utf8mb4 COLLATE=utf8mb4_unicode_ci COMMENT='Ingredientes y cantidades de cada versión de receta';
/*!40101 SET character_set_client = @saved_cs_client */;

--
-- Dumping data for table `receta_ingrediente`
--

LOCK TABLES `receta_ingrediente` WRITE;
/*!40000 ALTER TABLE `receta_ingrediente` DISABLE KEYS */;
INSERT INTO `receta_ingrediente` VALUES (81,5,2,350.0000,'',0,''),(82,5,6,120.0000,'',0,''),(83,5,1,1.5000,'',0,''),(84,5,4,350.0000,'',0,''),(85,5,12,12.0000,'',0,''),(86,5,19,80.0000,'',0,''),(87,5,17,14.0000,'',0,''),(88,5,5,5.0000,'',0,''),(89,4,2,800.0000,'',0,''),(90,4,1,4.0000,'',0,''),(91,4,18,50.0000,'',0,''),(92,4,4,800.0000,'',0,''),(93,4,16,14.0000,'',0,''),(94,4,14,14.0000,'',0,''),(95,4,15,14.0000,'',0,''),(96,1,2,900.0000,'',0,''),(97,1,7,80.0000,'',0,''),(98,1,9,30.0000,'',0,''),(99,1,6,120.0000,'',0,''),(100,1,1,7.5000,'',0,''),(101,1,5,20.0000,'',0,''),(102,1,8,80.0000,'',0,''),(103,1,18,80.0000,'',0,'Variable según la hora y el clima'),(104,1,4,1900.0000,'',0,''),(105,1,3,150.0000,'',0,''),(106,1,11,122.0000,'',0,''),(107,1,10,120.0000,'',0,''),(130,3,2,624.0000,'',0,''),(131,3,7,120.0000,'',0,''),(132,3,1,5.0000,'',0,''),(133,3,18,70.0000,'',0,'Variable según la hora y el clima'),(134,3,4,750.0000,'',0,''),(135,3,3,150.0000,'',0,''),(136,3,21,2000.0000,'',0,''),(137,2,2,950.0000,'',0,''),(138,2,7,110.0000,'',0,''),(139,2,9,30.0000,'',0,''),(140,2,6,250.0000,'',0,''),(141,2,1,8.0000,'',0,''),(142,2,5,25.0000,'',0,''),(143,2,8,150.0000,'',0,''),(144,2,18,130.0000,'',0,'Variable según la hora y el clima'),(145,2,4,1900.0000,'',0,''),(146,2,13,500.0000,'',0,''),(147,2,3,160.0000,'',0,''),(148,2,11,850.0000,'',0,''),(149,2,10,450.0000,'',0,''),(150,6,1,1.5000,'',0,''),(151,6,2,200.0000,'',0,''),(152,7,1,1.0000,'',0,''),(153,7,3,20.0000,'',0,''),(154,7,2,300.0000,'',0,''),(155,7,4,450.0000,'',0,''),(156,7,7,50.0000,'',0,''),(157,7,9,10.0000,'',0,''),(158,7,5,9.0000,'',0,'');
/*!40000 ALTER TABLE `receta_ingrediente` ENABLE KEYS */;
UNLOCK TABLES;

--
-- Table structure for table `usuario`
--

DROP TABLE IF EXISTS `usuario`;
/*!40101 SET @saved_cs_client     = @@character_set_client */;
/*!40101 SET character_set_client = utf8 */;
CREATE TABLE `usuario` (
  `id_usuario` int(11) NOT NULL AUTO_INCREMENT,
  `nombre_usuario` varchar(50) NOT NULL,
  `nombre_completo` varchar(100) NOT NULL,
  `correo_electronico` varchar(150) DEFAULT NULL,
  `telefono` varchar(20) DEFAULT NULL,
  `contrasena_hash` varchar(255) NOT NULL,
  `pin_recuperacion` varchar(255) DEFAULT NULL,
  `codigo_recuperacion` varchar(10) DEFAULT NULL,
  `codigo_expira` datetime DEFAULT NULL,
  `rol` enum('propietario','empleado') NOT NULL DEFAULT 'empleado',
  `activo` tinyint(1) NOT NULL DEFAULT 1,
  `fecha_creacion` datetime NOT NULL DEFAULT current_timestamp(),
  PRIMARY KEY (`id_usuario`),
  UNIQUE KEY `nombre_usuario` (`nombre_usuario`)
) ENGINE=InnoDB AUTO_INCREMENT=2 DEFAULT CHARSET=utf8mb4 COLLATE=utf8mb4_unicode_ci COMMENT='Usuarios con acceso al sistema';
/*!40101 SET character_set_client = @saved_cs_client */;

--
-- Dumping data for table `usuario`
--

LOCK TABLES `usuario` WRITE;
/*!40000 ALTER TABLE `usuario` DISABLE KEYS */;
INSERT INTO `usuario` VALUES (1,'propietario','Manuel GG','manuelcardenassuarez2005@gmail.com','3209891830','$2y$10$DcLPLpnwuR5Ezhg.YOKRFuVTVSqs63kPJiNncpZH1RcYauHDA8ixO','$2y$10$w5FVystn.z8fHFMCUOiRpuZrpOD8ieumHe8v4Hyw9DJNB.Py4SqqS','736224','2026-05-12 01:33:04','propietario',1,'2026-02-25 22:06:40');
/*!40000 ALTER TABLE `usuario` ENABLE KEYS */;
UNLOCK TABLES;

--
-- Temporary table structure for view `v_insumos_alerta`
--

DROP TABLE IF EXISTS `v_insumos_alerta`;
/*!50001 DROP VIEW IF EXISTS `v_insumos_alerta`*/;
SET @saved_cs_client     = @@character_set_client;
SET character_set_client = utf8;
/*!50001 CREATE VIEW `v_insumos_alerta` AS SELECT
 1 AS `id_insumo`,
  1 AS `nombre`,
  1 AS `stock_actual`,
  1 AS `punto_reposicion`,
  1 AS `unidad_medida` */;
SET character_set_client = @saved_cs_client;

--
-- Temporary table structure for view `v_inventario_actual`
--

DROP TABLE IF EXISTS `v_inventario_actual`;
/*!50001 DROP VIEW IF EXISTS `v_inventario_actual`*/;
SET @saved_cs_client     = @@character_set_client;
SET character_set_client = utf8;
/*!50001 CREATE VIEW `v_inventario_actual` AS SELECT
 1 AS `id_insumo`,
  1 AS `nombre`,
  1 AS `unidad_medida`,
  1 AS `es_harina`,
  1 AS `stock_actual`,
  1 AS `punto_reposicion`,
  1 AS `consumo_promedio_diario`,
  1 AS `dias_restantes`,
  1 AS `semaforo` */;
SET character_set_client = @saved_cs_client;

--
-- Temporary table structure for view `v_lotes_fifo`
--

DROP TABLE IF EXISTS `v_lotes_fifo`;
/*!50001 DROP VIEW IF EXISTS `v_lotes_fifo`*/;
SET @saved_cs_client     = @@character_set_client;
SET character_set_client = utf8;
/*!50001 CREATE VIEW `v_lotes_fifo` AS SELECT
 1 AS `id_lote`,
  1 AS `id_insumo`,
  1 AS `nombre_insumo`,
  1 AS `numero_lote`,
  1 AS `cantidad_disponible`,
  1 AS `precio_unitario`,
  1 AS `fecha_ingreso` */;
SET character_set_client = @saved_cs_client;

--
-- Temporary table structure for view `v_margen_productos`
--

DROP TABLE IF EXISTS `v_margen_productos`;
/*!50001 DROP VIEW IF EXISTS `v_margen_productos`*/;
SET @saved_cs_client     = @@character_set_client;
SET character_set_client = utf8;
/*!50001 CREATE VIEW `v_margen_productos` AS SELECT
 1 AS `id_producto`,
  1 AS `nombre`,
  1 AS `categoria`,
  1 AS `precio_venta`,
  1 AS `costo_unitario`,
  1 AS `margen_pct` */;
SET character_set_client = @saved_cs_client;

--
-- Temporary table structure for view `v_resumen_financiero_30d`
--

DROP TABLE IF EXISTS `v_resumen_financiero_30d`;
/*!50001 DROP VIEW IF EXISTS `v_resumen_financiero_30d`*/;
SET @saved_cs_client     = @@character_set_client;
SET character_set_client = utf8;
/*!50001 CREATE VIEW `v_resumen_financiero_30d` AS SELECT
 1 AS `fecha`,
  1 AS `total_ingresos`,
  1 AS `costo_produccion`,
  1 AS `total_gastos`,
  1 AS `utilidad_bruta`,
  1 AS `utilidad_neta` */;
SET character_set_client = @saved_cs_client;

--
-- Temporary table structure for view `v_stock_productos_hoy`
--

DROP TABLE IF EXISTS `v_stock_productos_hoy`;
/*!50001 DROP VIEW IF EXISTS `v_stock_productos_hoy`*/;
SET @saved_cs_client     = @@character_set_client;
SET character_set_client = utf8;
/*!50001 CREATE VIEW `v_stock_productos_hoy` AS SELECT
 1 AS `id_producto`,
  1 AS `nombre`,
  1 AS `unidad_produccion`,
  1 AS `producido_hoy`,
  1 AS `vendido_hoy`,
  1 AS `stock_actual` */;
SET character_set_client = @saved_cs_client;

--
-- Table structure for table `variedad_pan`
--

DROP TABLE IF EXISTS `variedad_pan`;
/*!40101 SET @saved_cs_client     = @@character_set_client */;
/*!40101 SET character_set_client = utf8 */;
CREATE TABLE `variedad_pan` (
  `id_variedad` int(11) NOT NULL AUTO_INCREMENT,
  `id_categoria_precio` int(11) NOT NULL,
  `nombre` varchar(100) NOT NULL,
  `imagen` varchar(255) DEFAULT NULL,
  `activo` tinyint(1) NOT NULL DEFAULT 1,
  `fecha_creacion` datetime NOT NULL DEFAULT current_timestamp(),
  PRIMARY KEY (`id_variedad`),
  KEY `fk_variedad_categoria` (`id_categoria_precio`),
  CONSTRAINT `fk_variedad_categoria` FOREIGN KEY (`id_categoria_precio`) REFERENCES `categoria_precio` (`id_categoria`) ON UPDATE CASCADE
) ENGINE=InnoDB AUTO_INCREMENT=25 DEFAULT CHARSET=utf8mb4 COLLATE=utf8mb4_unicode_ci COMMENT='Variedades de pan por categoría de precio (para detallar pedidos grandes)';
/*!40101 SET character_set_client = @saved_cs_client */;

--
-- Dumping data for table `variedad_pan`
--

LOCK TABLES `variedad_pan` WRITE;
/*!40000 ALTER TABLE `variedad_pan` DISABLE KEYS */;
INSERT INTO `variedad_pan` VALUES (1,13,'Pan Galleta',NULL,1,'2026-04-27 16:28:54'),(2,13,'Pan Queso',NULL,1,'2026-04-27 16:29:01'),(3,13,'Pan Aliñado',NULL,1,'2026-04-27 16:29:09'),(4,13,'Pan Salchicha',NULL,1,'2026-04-27 16:29:16'),(5,13,'Pan Mariquiteño',NULL,1,'2026-04-27 16:29:26'),(6,15,'Pan Quesillo',NULL,1,'2026-04-27 16:30:03'),(7,17,'Pan Quesillo',NULL,1,'2026-04-27 16:30:12'),(8,17,'Pan Chocha',NULL,1,'2026-04-27 16:30:18'),(9,17,'Pan Mortadela y Quesillo',NULL,1,'2026-04-27 16:30:31'),(10,17,'Pan Arequipe y Quesillo',NULL,1,'2026-04-27 16:30:41'),(11,15,'Pan Galleta',NULL,1,'2026-04-27 16:30:52'),(12,15,'Pan Arequipe y Quesillo',NULL,1,'2026-04-27 16:31:01'),(13,16,'Pan Quesillo',NULL,1,'2026-04-27 16:31:10'),(14,14,'Pan Quesillo',NULL,1,'2026-04-27 16:31:23'),(15,14,'Pan Arequipe y Quesillo',NULL,1,'2026-04-27 16:31:32'),(16,15,'Pan Hawaiano',NULL,0,'2026-04-27 16:31:44'),(17,13,'Pan Coco',NULL,1,'2026-04-28 02:50:52'),(18,13,'Pan Roscon Arequipe',NULL,1,'2026-04-28 02:51:03'),(19,13,'Croasant',NULL,0,'2026-04-28 02:51:10'),(20,13,'Pan Caleño',NULL,1,'2026-04-28 02:55:58'),(21,13,'Croissant',NULL,1,'2026-04-28 02:59:41'),(22,13,'Calentano',NULL,1,'2026-05-13 09:31:08'),(23,15,'Hawaiano',NULL,1,'2026-05-13 09:31:44'),(24,14,'Pan Cuca',NULL,1,'2026-05-13 12:31:36');
/*!40000 ALTER TABLE `variedad_pan` ENABLE KEYS */;
UNLOCK TABLES;

--
-- Table structure for table `venta`
--

DROP TABLE IF EXISTS `venta`;
/*!40101 SET @saved_cs_client     = @@character_set_client */;
/*!40101 SET character_set_client = utf8 */;
CREATE TABLE `venta` (
  `id_venta` int(11) NOT NULL AUTO_INCREMENT,
  `id_producto` int(11) DEFAULT NULL,
  `id_categoria_precio` int(11) DEFAULT NULL,
  `tipo_salida` enum('venta','bonificacion','consumo_interno') NOT NULL DEFAULT 'venta',
  `id_cierre_dia` int(11) DEFAULT NULL,
  `id_cliente` int(11) DEFAULT NULL,
  `id_usuario` int(11) DEFAULT NULL,
  `fecha_hora` datetime NOT NULL DEFAULT current_timestamp(),
  `unidades_vendidas` int(11) NOT NULL DEFAULT 0,
  `precio_unitario` decimal(12,2) NOT NULL,
  `total_venta` decimal(12,2) NOT NULL COMMENT 'unidades_vendidas * precio_unitario',
  `unidades_sobrantes` int(11) NOT NULL DEFAULT 0,
  `unidades_bonificacion` int(11) DEFAULT 0,
  PRIMARY KEY (`id_venta`),
  KEY `fk_venta_producto` (`id_producto`),
  KEY `idx_venta_cierre` (`id_cierre_dia`),
  KEY `fk_venta_cliente` (`id_cliente`),
  KEY `fk_venta_usuario` (`id_usuario`),
  KEY `fk_venta_categoria` (`id_categoria_precio`),
  KEY `idx_venta_cat_precio` (`id_categoria_precio`),
  KEY `idx_venta_fecha` (`fecha_hora`),
  CONSTRAINT `fk_venta_categoria` FOREIGN KEY (`id_categoria_precio`) REFERENCES `categoria_precio` (`id_categoria`) ON UPDATE CASCADE,
  CONSTRAINT `fk_venta_cierre_dia` FOREIGN KEY (`id_cierre_dia`) REFERENCES `cierre_dia` (`id_cierre`),
  CONSTRAINT `fk_venta_producto` FOREIGN KEY (`id_producto`) REFERENCES `producto` (`id_producto`),
  CONSTRAINT `fk_venta_usuario` FOREIGN KEY (`id_usuario`) REFERENCES `usuario` (`id_usuario`) ON DELETE SET NULL
) ENGINE=InnoDB AUTO_INCREMENT=160 DEFAULT CHARSET=utf8mb4 COLLATE=utf8mb4_unicode_ci COMMENT='Ventas diarias por producto';
/*!40101 SET character_set_client = @saved_cs_client */;

--
-- Dumping data for table `venta`
--

LOCK TABLES `venta` WRITE;
/*!40000 ALTER TABLE `venta` DISABLE KEYS */;
INSERT INTO `venta` VALUES (1,1,13,'venta',NULL,NULL,NULL,'2026-03-23 19:40:59',10,500.00,5000.00,0,0),(2,1,13,'venta',NULL,1,NULL,'2026-03-23 19:41:31',24,500.00,10000.00,0,4),(3,3,13,'venta',NULL,NULL,NULL,'2026-03-24 13:00:01',10,500.00,5000.00,0,0),(4,1,13,'venta',NULL,NULL,NULL,'2026-03-24 13:00:11',52,500.00,25000.00,0,2),(5,2,15,'venta',NULL,NULL,NULL,'2026-03-24 13:00:25',5,2000.00,10000.00,0,0),(6,5,13,'venta',NULL,NULL,NULL,'2026-03-24 13:00:35',7,500.00,3500.00,0,0),(7,5,13,'venta',NULL,NULL,NULL,'2026-03-24 15:32:46',20,500.00,10000.00,0,0),(8,3,13,'venta',NULL,NULL,1,'2026-04-08 17:47:03',30,500.00,15000.00,0,0),(9,3,13,'venta',NULL,NULL,NULL,'2026-04-08 20:42:21',28,500.00,12500.00,0,3),(10,5,13,'venta',NULL,NULL,NULL,'2026-04-08 20:54:30',24,500.00,12000.00,0,0),(11,1,13,'venta',NULL,NULL,NULL,'2026-04-09 13:30:11',22,500.00,10000.00,0,2),(12,NULL,NULL,'bonificacion',NULL,NULL,1,'2026-04-09 19:29:35',1,500.00,0.00,0,0),(13,NULL,NULL,'venta',NULL,1,1,'2026-04-09 19:36:21',24,500.00,10000.00,0,4),(14,NULL,NULL,'venta',NULL,NULL,1,'2026-04-10 00:57:50',20,1000.00,20000.00,0,0),(15,NULL,13,'venta',NULL,NULL,1,'2026-04-10 16:24:29',20,500.00,10000.00,0,0),(16,NULL,13,'venta',NULL,NULL,1,'2026-04-10 16:24:51',55,500.00,25000.00,0,5),(17,NULL,17,'consumo_interno',NULL,NULL,1,'2026-04-10 16:25:02',1,5000.00,0.00,0,0),(18,NULL,13,'venta',NULL,NULL,1,'2026-04-10 20:15:56',100,500.00,50000.00,0,0),(19,NULL,15,'venta',NULL,NULL,1,'2026-04-10 20:16:20',15,2000.00,30000.00,0,0),(20,NULL,13,'venta',NULL,4,1,'2026-04-10 20:27:43',24,500.00,10000.00,0,4),(21,NULL,13,'venta',NULL,NULL,1,'2026-04-10 20:27:54',103,500.00,50000.00,0,3),(22,NULL,13,'venta',NULL,NULL,1,'2026-04-10 20:39:37',30,500.00,15000.00,0,0),(23,NULL,13,'venta',NULL,NULL,1,'2026-04-10 20:39:48',30,500.00,15000.00,0,0),(24,NULL,13,'venta',NULL,NULL,1,'2026-04-11 02:52:54',30,500.00,15000.00,0,0),(25,NULL,13,'venta',NULL,NULL,1,'2026-04-11 02:53:04',50,500.00,25000.00,0,0),(26,NULL,13,'venta',NULL,NULL,1,'2026-04-11 02:53:14',60,500.00,30000.00,0,0),(27,NULL,15,'consumo_interno',NULL,NULL,1,'2026-04-11 02:53:29',6,2000.00,0.00,0,0),(28,NULL,13,'bonificacion',NULL,NULL,1,'2026-04-11 02:53:50',3,500.00,0.00,0,0),(29,NULL,13,'venta',NULL,NULL,1,'2026-04-17 21:22:34',150,500.00,75000.00,0,0),(30,NULL,13,'venta',NULL,NULL,1,'2026-04-17 21:22:48',260,500.00,125000.00,0,10),(31,NULL,13,'venta',NULL,NULL,1,'2026-04-17 21:22:58',250,500.00,125000.00,0,0),(32,NULL,15,'venta',NULL,NULL,1,'2026-04-17 21:48:23',25,2000.00,50000.00,0,0),(33,NULL,16,'bonificacion',NULL,NULL,1,'2026-04-17 21:48:35',5,3000.00,0.00,0,0),(34,NULL,17,'venta',NULL,NULL,1,'2026-04-17 21:48:42',8,5000.00,40000.00,0,0),(35,NULL,13,'venta',NULL,4,1,'2026-04-17 21:48:53',237,500.00,99000.00,0,39),(36,NULL,13,'venta',NULL,NULL,1,'2026-04-21 17:15:42',1000,500.00,500000.00,0,0),(37,NULL,13,'venta',NULL,NULL,1,'2026-04-23 20:16:09',3244,500.00,1622000.00,0,0),(38,NULL,14,'venta',NULL,NULL,1,'2026-04-23 20:16:43',12,1000.00,12000.00,0,0),(39,NULL,14,'venta',NULL,NULL,1,'2026-04-23 20:17:16',3,1000.00,3000.00,0,0),(40,NULL,15,'venta',NULL,NULL,1,'2026-04-23 20:17:22',250,2000.00,500000.00,0,0),(41,NULL,16,'venta',NULL,NULL,1,'2026-04-23 20:17:29',2,3000.00,6000.00,0,0),(42,NULL,17,'venta',NULL,NULL,1,'2026-04-23 20:17:59',9,5000.00,45000.00,0,0),(43,NULL,17,'venta',NULL,NULL,1,'2026-04-23 20:18:19',2,5000.00,10000.00,0,0),(44,NULL,13,'venta',NULL,4,1,'2026-04-24 17:46:52',24,500.00,10000.00,0,4),(45,NULL,13,'venta',NULL,NULL,1,'2026-04-24 21:13:10',125,500.00,62500.00,0,0),(46,NULL,15,'venta',NULL,NULL,1,'2026-04-24 21:13:22',10,2000.00,20000.00,0,0),(47,NULL,13,'venta',NULL,NULL,1,'2026-04-24 21:48:47',110,500.00,50000.00,0,10),(48,NULL,13,'venta',NULL,5,1,'2026-04-24 21:59:49',24,500.00,10000.00,0,4),(50,NULL,13,'venta',NULL,NULL,1,'2026-04-28 02:26:55',9,500.00,4500.00,0,0),(51,NULL,NULL,'venta',NULL,5,1,'2026-04-28 02:28:16',22,0.00,22500.00,0,4),(52,NULL,NULL,'venta',NULL,5,1,'2026-04-28 02:47:30',55,0.00,67500.00,0,10),(53,NULL,13,'venta',NULL,NULL,1,'2026-04-28 08:34:27',20,500.00,10000.00,0,0),(54,NULL,13,'venta',NULL,NULL,1,'2026-04-28 08:34:38',30,500.00,14000.00,0,2),(55,NULL,15,'consumo_interno',NULL,NULL,1,'2026-04-28 08:34:48',1,2000.00,0.00,0,0),(56,NULL,15,'consumo_interno',NULL,NULL,1,'2026-04-28 08:35:03',1,2000.00,0.00,0,0),(57,NULL,NULL,'venta',NULL,5,1,'2026-04-28 08:55:09',8,0.00,2500.00,0,3),(58,NULL,NULL,'venta',NULL,5,1,'2026-05-05 22:23:14',3,0.00,15000.00,0,0),(59,NULL,NULL,'venta',NULL,5,1,'2026-05-06 01:05:08',15,0.00,20000.00,0,2),(60,NULL,NULL,'venta',NULL,5,1,'2026-05-06 03:04:03',28,0.00,57000.00,0,4),(61,NULL,NULL,'venta',NULL,5,1,'2026-05-05 22:12:00',33,0.00,63500.00,0,5),(62,NULL,NULL,'venta',NULL,5,1,'2026-05-05 22:22:29',25,0.00,55000.00,0,5),(63,NULL,NULL,'venta',NULL,5,1,'2026-05-06 12:41:00',27,0.00,25000.00,0,4),(64,NULL,NULL,'venta',NULL,7,1,'2026-05-06 13:10:52',6,0.00,7000.00,0,1),(65,NULL,NULL,'venta',NULL,13,1,'2026-05-06 13:12:31',30,0.00,50000.00,0,5),(83,NULL,NULL,'venta',NULL,19,1,'2026-05-07 15:50:03',13,0.00,15000.00,0,10),(84,NULL,17,'venta',NULL,19,1,'2026-05-07 15:51:33',16,5000.00,70000.00,0,2),(85,NULL,17,'venta',NULL,19,1,'2026-05-07 15:54:34',7,5000.00,30000.00,0,1),(86,NULL,NULL,'venta',NULL,19,1,'2026-05-07 15:56:02',6,0.00,5000.00,0,5),(87,NULL,17,'venta',NULL,NULL,1,'2026-05-07 16:27:21',2,5000.00,10000.00,0,0),(88,NULL,17,'venta',NULL,7,1,'2026-05-07 16:27:53',8,5000.00,35000.00,0,1),(89,NULL,NULL,'venta',NULL,11,1,'2026-05-07 21:18:32',11,0.00,5000.00,0,10),(90,NULL,13,'venta',NULL,3,1,'2026-05-07 21:18:58',13,500.00,5500.00,0,2),(91,NULL,13,'venta',NULL,3,1,'2026-05-07 21:20:41',13,500.00,5500.00,0,2),(92,NULL,NULL,'venta',NULL,18,1,'2026-05-11 21:27:33',2,0.00,10000.00,0,0),(93,NULL,13,'venta',NULL,NULL,1,'2026-05-11 21:52:12',45,500.00,10000.00,0,25),(94,NULL,NULL,'venta',NULL,NULL,1,'2026-05-11 22:08:51',2,0.00,5000.00,0,1),(95,NULL,13,'venta',NULL,NULL,1,'2026-05-11 22:23:22',3,500.00,1500.00,0,0),(96,NULL,13,'venta',NULL,NULL,1,'2026-05-11 22:23:39',2,500.00,1000.00,0,0),(97,NULL,13,'venta',NULL,NULL,1,'2026-05-11 22:26:26',2,500.00,1000.00,0,0),(98,NULL,13,'venta',NULL,NULL,1,'2026-05-11 22:26:30',2,500.00,1000.00,0,0),(99,NULL,15,'venta',NULL,NULL,1,'2026-05-11 22:32:24',7,2000.00,4000.00,0,5),(118,NULL,NULL,'venta',NULL,38,1,'2026-05-12 23:32:00',9,0.00,15000.00,0,6),(123,NULL,NULL,'venta',NULL,NULL,1,'2026-05-13 05:32:51',26,0.00,20000.00,0,4),(124,NULL,13,'venta',NULL,NULL,1,'2026-05-13 09:29:41',22,500.00,10000.00,0,2),(125,NULL,NULL,'venta',NULL,NULL,1,'2026-05-13 09:30:16',4,0.00,10000.00,0,2),(126,NULL,17,'venta',NULL,22,1,'2026-05-13 09:57:31',42,5000.00,210000.00,0,0),(127,NULL,13,'venta',NULL,28,1,'2026-05-13 09:57:31',50,500.00,25000.00,0,0),(128,NULL,NULL,'venta',NULL,22,1,'2026-05-13 12:14:59',6,0.00,10000.00,0,4),(129,NULL,17,'venta',NULL,NULL,1,'2026-05-13 12:20:25',77,5000.00,350000.00,0,7),(130,NULL,16,'venta',NULL,22,1,'2026-05-13 12:20:47',20,3000.00,60000.00,0,0),(132,NULL,NULL,'venta',NULL,15,1,'2026-05-13 12:26:52',1,0.00,5000.00,0,0),(133,NULL,NULL,'venta',NULL,23,1,'2026-05-13 12:27:00',3,0.00,5000.00,0,2),(134,NULL,NULL,'venta',NULL,22,1,'2026-05-13 12:27:36',3,0.00,5000.00,0,2),(137,NULL,NULL,'venta',NULL,37,1,'2026-05-13 12:29:07',2,0.00,4000.00,0,0),(138,NULL,NULL,'venta',NULL,43,1,'2026-05-13 12:30:29',3,0.00,5000.00,0,2),(139,NULL,NULL,'venta',NULL,29,1,'2026-05-13 12:30:39',3,0.00,6000.00,0,1),(140,NULL,NULL,'venta',NULL,33,1,'2026-05-13 12:30:44',10,0.00,5000.00,0,0),(143,NULL,NULL,'venta',NULL,35,1,'2026-05-13 12:32:20',3,0.00,3000.00,0,0),(144,NULL,NULL,'venta',NULL,34,1,'2026-05-13 12:32:40',1,0.00,2000.00,0,0),(145,NULL,NULL,'venta',NULL,44,1,'2026-05-13 12:32:48',100,0.00,50000.00,0,0),(146,NULL,NULL,'venta',NULL,46,1,'2026-05-13 12:33:17',6,0.00,10000.00,0,4),(147,NULL,NULL,'venta',NULL,NULL,1,'2026-05-13 12:33:42',1,0.00,500.00,0,0),(148,NULL,17,'venta',NULL,46,1,'2026-05-13 12:34:41',50,5000.00,250000.00,0,0),(149,NULL,13,'venta',NULL,43,1,'2026-05-13 12:34:41',1,500.00,500.00,0,0),(150,NULL,NULL,'venta',NULL,35,1,'2026-05-13 12:35:08',2,0.00,4000.00,0,0),(151,NULL,NULL,'venta',NULL,NULL,1,'2026-05-13 12:35:12',100,0.00,50000.00,0,0),(152,NULL,NULL,'venta',NULL,9,1,'2026-05-13 12:35:27',1,0.00,5000.00,0,0),(153,NULL,NULL,'venta',NULL,34,1,'2026-05-13 12:35:38',800,0.00,400000.00,0,0),(154,NULL,14,'venta',NULL,46,1,'2026-05-13 12:36:04',2147483647,1000.00,9999999999.99,0,0),(155,NULL,13,'bonificacion',NULL,46,1,'2026-05-13 12:36:04',8,500.00,0.00,0,8),(156,NULL,NULL,'venta',NULL,31,1,'2026-05-13 12:36:47',3,0.00,5500.00,0,1),(157,NULL,13,'consumo_interno',NULL,NULL,1,'2026-05-13 12:36:53',70,500.00,0.00,0,0),(159,NULL,NULL,'venta',NULL,NULL,1,'2026-05-14 12:35:27',1,0.00,5000.00,0,0);
/*!40000 ALTER TABLE `venta` ENABLE KEYS */;
UNLOCK TABLES;

--
-- Table structure for table `venta_detalle`
--

DROP TABLE IF EXISTS `venta_detalle`;
/*!40101 SET @saved_cs_client     = @@character_set_client */;
/*!40101 SET character_set_client = utf8 */;
CREATE TABLE `venta_detalle` (
  `id_detalle` int(11) NOT NULL AUTO_INCREMENT,
  `id_venta` int(11) NOT NULL,
  `id_variedad` int(11) NOT NULL,
  `cantidad` int(11) NOT NULL DEFAULT 0,
  `napa` int(11) NOT NULL DEFAULT 0,
  `bonificacion` int(11) NOT NULL DEFAULT 0,
  `precio_unitario` decimal(12,2) NOT NULL DEFAULT 0.00,
  PRIMARY KEY (`id_detalle`),
  KEY `fk_detalle_venta` (`id_venta`),
  KEY `fk_detalle_variedad` (`id_variedad`),
  KEY `idx_ventadet_venta` (`id_venta`),
  CONSTRAINT `fk_detalle_variedad` FOREIGN KEY (`id_variedad`) REFERENCES `variedad_pan` (`id_variedad`) ON UPDATE CASCADE,
  CONSTRAINT `fk_detalle_venta` FOREIGN KEY (`id_venta`) REFERENCES `venta` (`id_venta`) ON DELETE CASCADE
) ENGINE=InnoDB AUTO_INCREMENT=237 DEFAULT CHARSET=utf8mb4 COLLATE=utf8mb4_unicode_ci COMMENT='Detalle por variedad de pan en pedidos grandes';
/*!40101 SET character_set_client = @saved_cs_client */;

--
-- Dumping data for table `venta_detalle`
--

LOCK TABLES `venta_detalle` WRITE;
/*!40000 ALTER TABLE `venta_detalle` DISABLE KEYS */;
INSERT INTO `venta_detalle` VALUES (1,51,3,10,0,0,500.00),(2,51,1,5,1,0,500.00),(3,51,8,3,0,0,5000.00),(4,52,3,10,0,0,500.00),(5,52,1,25,0,0,500.00),(6,52,8,10,1,0,5000.00),(7,57,21,5,2,0,500.00),(8,58,10,1,0,0,5000.00),(9,58,8,2,0,0,5000.00),(10,59,8,3,0,0,5000.00),(11,59,21,10,0,0,500.00),(15,60,8,10,0,0,5000.00),(16,60,21,10,0,0,500.00),(17,60,1,4,0,0,500.00),(18,61,8,8,0,0,5000.00),(19,61,9,2,0,0,5000.00),(20,61,12,3,0,0,2000.00),(21,61,4,5,0,0,500.00),(22,61,21,10,0,0,500.00),(23,62,8,10,0,0,5000.00),(24,62,21,10,1,0,500.00),(25,62,21,0,0,1,500.00),(26,62,17,0,0,2,500.00),(27,62,2,0,0,1,500.00),(28,63,8,3,0,0,5000.00),(29,63,21,10,0,0,500.00),(30,63,3,10,0,0,500.00),(31,63,21,0,0,2,500.00),(32,63,3,0,0,2,500.00),(35,64,12,3,0,0,2000.00),(36,64,21,2,0,0,500.00),(37,65,13,10,0,0,3000.00),(38,65,11,5,0,0,2000.00),(39,65,15,10,0,0,1000.00),(40,65,21,0,0,1,500.00),(41,65,20,0,0,1,500.00),(42,65,17,0,0,1,500.00),(43,65,9,0,0,2,5000.00),(84,83,8,3,10,0,5000.00),(86,86,8,1,5,0,5000.00),(88,89,8,1,10,0,5000.00),(91,92,8,1,0,0,5000.00),(92,92,7,1,16,0,5000.00),(93,94,8,1,4,0,5000.00),(150,118,8,3,0,0,5000.00),(151,118,21,0,0,6,500.00),(158,123,8,2,0,0,5000.00),(159,123,21,20,0,0,500.00),(160,123,1,0,0,4,500.00),(161,125,8,2,0,0,5000.00),(162,125,21,0,0,2,500.00),(163,128,8,2,0,0,5000.00),(164,128,22,0,0,4,500.00),(165,132,8,1,0,0,5000.00),(167,133,8,1,0,0,5000.00),(168,133,21,0,0,2,500.00),(181,134,8,1,0,0,5000.00),(182,134,22,0,0,2,500.00),(186,137,23,2,0,0,2000.00),(187,138,8,1,0,0,5000.00),(188,138,21,0,0,1,500.00),(189,138,20,0,0,1,500.00),(202,143,24,3,0,0,1000.00),(204,145,21,100,0,0,500.00),(212,147,22,1,0,0,500.00),(213,146,9,2,0,0,5000.00),(214,146,21,0,0,2,500.00),(215,146,17,0,0,2,500.00),(218,144,23,1,0,0,2000.00),(219,150,23,2,0,0,2000.00),(220,151,22,100,0,0,500.00),(221,152,8,1,0,0,5000.00),(222,153,22,800,0,0,500.00),(226,139,9,1,0,0,5000.00),(227,139,24,1,0,0,1000.00),(228,139,22,0,0,1,500.00),(232,156,22,1,0,0,500.00),(233,156,8,1,0,0,5000.00),(234,156,24,0,0,1,1000.00),(235,140,18,10,0,0,500.00),(236,159,8,1,0,0,5000.00);
/*!40000 ALTER TABLE `venta_detalle` ENABLE KEYS */;
UNLOCK TABLES;

--
-- Final view structure for view `v_insumos_alerta`
--

/*!50001 DROP VIEW IF EXISTS `v_insumos_alerta`*/;
/*!50001 SET @saved_cs_client          = @@character_set_client */;
/*!50001 SET @saved_cs_results         = @@character_set_results */;
/*!50001 SET @saved_col_connection     = @@collation_connection */;
/*!50001 SET character_set_client      = utf8mb4 */;
/*!50001 SET character_set_results     = utf8mb4 */;
/*!50001 SET collation_connection      = utf8mb4_unicode_ci */;
/*!50001 CREATE ALGORITHM=UNDEFINED */
/*!50013 DEFINER=`u631215701_breadcontrol`@`%` SQL SECURITY DEFINER */
/*!50001 VIEW `v_insumos_alerta` AS select `insumo`.`id_insumo` AS `id_insumo`,`insumo`.`nombre` AS `nombre`,`insumo`.`stock_actual` AS `stock_actual`,`insumo`.`punto_reposicion` AS `punto_reposicion`,`insumo`.`unidad_medida` AS `unidad_medida` from `insumo` where `insumo`.`activo` = 1 and `insumo`.`stock_actual` <= `insumo`.`punto_reposicion` */;
/*!50001 SET character_set_client      = @saved_cs_client */;
/*!50001 SET character_set_results     = @saved_cs_results */;
/*!50001 SET collation_connection      = @saved_col_connection */;

--
-- Final view structure for view `v_inventario_actual`
--

/*!50001 DROP VIEW IF EXISTS `v_inventario_actual`*/;
/*!50001 SET @saved_cs_client          = @@character_set_client */;
/*!50001 SET @saved_cs_results         = @@character_set_results */;
/*!50001 SET @saved_col_connection     = @@collation_connection */;
/*!50001 SET character_set_client      = utf8mb4 */;
/*!50001 SET character_set_results     = utf8mb4 */;
/*!50001 SET collation_connection      = utf8mb4_unicode_ci */;
/*!50001 CREATE ALGORITHM=UNDEFINED */
/*!50013 DEFINER=`u631215701_breadcontrol`@`%` SQL SECURITY DEFINER */
/*!50001 VIEW `v_inventario_actual` AS select `i`.`id_insumo` AS `id_insumo`,`i`.`nombre` AS `nombre`,`i`.`unidad_medida` AS `unidad_medida`,`i`.`es_harina` AS `es_harina`,`i`.`stock_actual` AS `stock_actual`,`i`.`punto_reposicion` AS `punto_reposicion`,`i`.`consumo_promedio_diario` AS `consumo_promedio_diario`,case when `i`.`consumo_promedio_diario` > 0 then round(`i`.`stock_actual` / `i`.`consumo_promedio_diario`,1) else NULL end AS `dias_restantes`,case when `i`.`stock_actual` <= `i`.`punto_reposicion` then 'critico' when `i`.`stock_actual` <= `i`.`punto_reposicion` * 1.5 then 'alerta' else 'normal' end AS `semaforo` from `insumo` `i` where `i`.`activo` = 1 */;
/*!50001 SET character_set_client      = @saved_cs_client */;
/*!50001 SET character_set_results     = @saved_cs_results */;
/*!50001 SET collation_connection      = @saved_col_connection */;

--
-- Final view structure for view `v_lotes_fifo`
--

/*!50001 DROP VIEW IF EXISTS `v_lotes_fifo`*/;
/*!50001 SET @saved_cs_client          = @@character_set_client */;
/*!50001 SET @saved_cs_results         = @@character_set_results */;
/*!50001 SET @saved_col_connection     = @@collation_connection */;
/*!50001 SET character_set_client      = utf8mb4 */;
/*!50001 SET character_set_results     = utf8mb4 */;
/*!50001 SET collation_connection      = utf8mb4_unicode_ci */;
/*!50001 CREATE ALGORITHM=UNDEFINED */
/*!50013 DEFINER=`u631215701_breadcontrol`@`%` SQL SECURITY DEFINER */
/*!50001 VIEW `v_lotes_fifo` AS select `l`.`id_lote` AS `id_lote`,`l`.`id_insumo` AS `id_insumo`,`i`.`nombre` AS `nombre_insumo`,`l`.`numero_lote` AS `numero_lote`,`l`.`cantidad_disponible` AS `cantidad_disponible`,`l`.`precio_unitario` AS `precio_unitario`,`l`.`fecha_ingreso` AS `fecha_ingreso` from (`lote` `l` join `insumo` `i` on(`i`.`id_insumo` = `l`.`id_insumo`)) where `l`.`estado` = 'activo' and `l`.`cantidad_disponible` > 0 order by `l`.`id_insumo`,`l`.`fecha_ingreso` */;
/*!50001 SET character_set_client      = @saved_cs_client */;
/*!50001 SET character_set_results     = @saved_cs_results */;
/*!50001 SET collation_connection      = @saved_col_connection */;

--
-- Final view structure for view `v_margen_productos`
--

/*!50001 DROP VIEW IF EXISTS `v_margen_productos`*/;
/*!50001 SET @saved_cs_client          = @@character_set_client */;
/*!50001 SET @saved_cs_results         = @@character_set_results */;
/*!50001 SET @saved_col_connection     = @@collation_connection */;
/*!50001 SET character_set_client      = utf8mb4 */;
/*!50001 SET character_set_results     = utf8mb4 */;
/*!50001 SET collation_connection      = utf8mb4_unicode_ci */;
/*!50001 CREATE ALGORITHM=UNDEFINED */
/*!50013 DEFINER=`u631215701_breadcontrol`@`%` SQL SECURITY DEFINER */
/*!50001 VIEW `v_margen_productos` AS select `p`.`id_producto` AS `id_producto`,`p`.`nombre` AS `nombre`,`p`.`categoria` AS `categoria`,`p`.`precio_venta` AS `precio_venta`,coalesce(`latest_prod`.`costo_unitario`,0) AS `costo_unitario`,case when `p`.`precio_venta` > 0 and coalesce(`latest_prod`.`costo_unitario`,0) > 0 then round((`p`.`precio_venta` - coalesce(`latest_prod`.`costo_unitario`,0)) / `p`.`precio_venta` * 100,2) else NULL end AS `margen_pct` from (`producto` `p` left join (select `pr`.`id_producto` AS `id_producto`,`pr`.`costo_unitario` AS `costo_unitario` from (`produccion` `pr` join (select `produccion`.`id_producto` AS `id_producto`,max(`produccion`.`id_produccion`) AS `max_id` from `produccion` group by `produccion`.`id_producto`) `latest` on(`pr`.`id_produccion` = `latest`.`max_id`))) `latest_prod` on(`latest_prod`.`id_producto` = `p`.`id_producto`)) where `p`.`activo` = 1 */;
/*!50001 SET character_set_client      = @saved_cs_client */;
/*!50001 SET character_set_results     = @saved_cs_results */;
/*!50001 SET collation_connection      = @saved_col_connection */;

--
-- Final view structure for view `v_resumen_financiero_30d`
--

/*!50001 DROP VIEW IF EXISTS `v_resumen_financiero_30d`*/;
/*!50001 SET @saved_cs_client          = @@character_set_client */;
/*!50001 SET @saved_cs_results         = @@character_set_results */;
/*!50001 SET @saved_col_connection     = @@collation_connection */;
/*!50001 SET character_set_client      = utf8mb4 */;
/*!50001 SET character_set_results     = utf8mb4 */;
/*!50001 SET collation_connection      = utf8mb4_unicode_ci */;
/*!50001 CREATE ALGORITHM=UNDEFINED */
/*!50013 DEFINER=`u631215701_breadcontrol`@`%` SQL SECURITY DEFINER */
/*!50001 VIEW `v_resumen_financiero_30d` AS select `cd`.`fecha` AS `fecha`,`cd`.`total_ingresos` AS `total_ingresos`,`cd`.`costo_produccion` AS `costo_produccion`,`cd`.`total_gastos` AS `total_gastos`,`cd`.`utilidad_bruta` AS `utilidad_bruta`,`cd`.`utilidad_neta` AS `utilidad_neta` from `cierre_dia` `cd` where `cd`.`fecha` >= curdate() - interval 30 day order by `cd`.`fecha` desc */;
/*!50001 SET character_set_client      = @saved_cs_client */;
/*!50001 SET character_set_results     = @saved_cs_results */;
/*!50001 SET collation_connection      = @saved_col_connection */;

--
-- Final view structure for view `v_stock_productos_hoy`
--

/*!50001 DROP VIEW IF EXISTS `v_stock_productos_hoy`*/;
/*!50001 SET @saved_cs_client          = @@character_set_client */;
/*!50001 SET @saved_cs_results         = @@character_set_results */;
/*!50001 SET @saved_col_connection     = @@collation_connection */;
/*!50001 SET character_set_client      = utf8mb4 */;
/*!50001 SET character_set_results     = utf8mb4 */;
/*!50001 SET collation_connection      = utf8mb4_unicode_ci */;
/*!50001 CREATE ALGORITHM=UNDEFINED */
/*!50013 DEFINER=`u631215701_breadcontrol`@`%` SQL SECURITY DEFINER */
/*!50001 VIEW `v_stock_productos_hoy` AS select `p`.`id_producto` AS `id_producto`,`p`.`nombre` AS `nombre`,`p`.`unidad_produccion` AS `unidad_produccion`,coalesce(`prod`.`producido_hoy`,0) AS `producido_hoy`,coalesce(`vent`.`vendido_hoy`,0) AS `vendido_hoy`,coalesce(`prod`.`producido_hoy`,0) - coalesce(`vent`.`vendido_hoy`,0) AS `stock_actual` from ((`producto` `p` left join (select `produccion`.`id_producto` AS `id_producto`,sum(`produccion`.`unidades_producidas`) AS `producido_hoy` from `produccion` where cast(`produccion`.`fecha_produccion` as date) = curdate() group by `produccion`.`id_producto`) `prod` on(`prod`.`id_producto` = `p`.`id_producto`)) left join (select `venta`.`id_producto` AS `id_producto`,sum(`venta`.`unidades_vendidas`) AS `vendido_hoy` from `venta` where cast(`venta`.`fecha_hora` as date) = curdate() group by `venta`.`id_producto`) `vent` on(`vent`.`id_producto` = `p`.`id_producto`)) where `p`.`activo` = 1 */;
/*!50001 SET character_set_client      = @saved_cs_client */;
/*!50001 SET character_set_results     = @saved_cs_results */;
/*!50001 SET collation_connection      = @saved_col_connection */;
/*!40103 SET TIME_ZONE=@OLD_TIME_ZONE */;

/*!40101 SET SQL_MODE=@OLD_SQL_MODE */;
/*!40014 SET FOREIGN_KEY_CHECKS=@OLD_FOREIGN_KEY_CHECKS */;
/*!40014 SET UNIQUE_CHECKS=@OLD_UNIQUE_CHECKS */;
/*!40101 SET CHARACTER_SET_CLIENT=@OLD_CHARACTER_SET_CLIENT */;
/*!40101 SET CHARACTER_SET_RESULTS=@OLD_CHARACTER_SET_RESULTS */;
/*!40101 SET COLLATION_CONNECTION=@OLD_COLLATION_CONNECTION */;
/*!40111 SET SQL_NOTES=@OLD_SQL_NOTES */;

-- Dump completed on 2026-05-14 12:57:28
